DATE,VALUE
2004-12-03,.
2004-12-06,-45.15
2004-12-07,-106.48
2004-12-08,53.65
2004-12-09,58.59
2004-12-10,-9.60
2004-12-13,95.10
2004-12-14,38.13
2004-12-15,15.00
2004-12-16,14.19
2004-12-17,-55.72
2004-12-20,11.68
2004-12-21,97.83
2004-12-22,56.46
2004-12-23,11.23
2004-12-24,.
2004-12-27,.
2004-12-28,78.41
2004-12-29,-25.35
2004-12-30,-28.89
2004-12-31,-17.29
2005-01-03,-53.58
2005-01-04,-98.65
2005-01-05,-32.95
2005-01-06,25.05
2005-01-07,-18.92
2005-01-10,17.07
2005-01-11,-64.81
2005-01-12,61.56
2005-01-13,-111.95
2005-01-14,52.17
2005-01-17,.
2005-01-18,.
2005-01-19,-88.82
2005-01-20,-68.50
2005-01-21,-78.48
2005-01-24,-24.38
2005-01-25,92.95
2005-01-26,37.03
2005-01-27,-31.19
2005-01-28,-40.20
2005-01-31,62.74
2005-02-01,62.00
2005-02-02,44.85
2005-02-03,-3.69
2005-02-04,123.03
2005-02-07,-0.37
2005-02-08,8.87
2005-02-09,-60.52
2005-02-10,85.50
2005-02-11,46.40
2005-02-14,-4.88
2005-02-15,46.19
2005-02-16,-2.44
2005-02-17,-80.62
2005-02-18,30.96
2005-02-21,.
2005-02-22,.
2005-02-23,62.59
2005-02-24,75.00
2005-02-25,92.81
2005-02-28,-75.37
2005-03-01,63.77
2005-03-02,-18.03
2005-03-03,21.06
2005-03-04,107.52
2005-03-07,-3.69
2005-03-08,-24.24
2005-03-09,-107.00
2005-03-10,45.89
2005-03-11,-77.15
2005-03-14,30.15
2005-03-15,-59.41
2005-03-16,-112.03
2005-03-17,-6.72
2005-03-18,3.32
2005-03-21,-64.28
2005-03-22,-94.88
2005-03-23,-14.49
2005-03-24,-13.15
2005-03-25,.
2005-03-28,.
2005-03-29,-79.95
2005-03-30,135.23
2005-03-31,-37.17
2005-04-01,-99.46
2005-04-04,16.84
2005-04-05,37.32
2005-04-06,27.56
2005-04-07,60.30
2005-04-08,-84.98
2005-04-11,-12.78
2005-04-12,59.41
2005-04-13,-104.04
2005-04-14,-125.18
2005-04-15,-191.24
2005-04-18,-16.26
2005-04-19,56.16
2005-04-20,-115.05
2005-04-21,206.24
2005-04-22,-60.89
2005-04-25,84.76
2005-04-26,-91.34
2005-04-27,47.67
2005-04-28,-128.43
2005-04-29,122.14
2005-05-02,59.19
2005-05-03,5.25
2005-05-04,127.69
2005-05-05,-44.26
2005-05-06,5.02
2005-05-09,38.94
2005-05-10,-103.23
2005-05-11,19.14
2005-05-12,-110.77
2005-05-13,-49.36
2005-05-16,112.17
2005-05-17,79.59
2005-05-18,132.57
2005-05-19,28.74
2005-05-20,-21.28
2005-05-23,51.65
2005-05-24,-19.88
2005-05-25,-45.88
2005-05-26,79.80
2005-05-27,4.95
2005-05-30,.
2005-05-31,.
2005-06-01,82.39
2005-06-02,3.62
2005-06-03,-92.52
2005-06-06,6.06
2005-06-07,16.04
2005-06-08,-6.21
2005-06-09,26.16
2005-06-10,9.61
2005-06-13,9.93
2005-06-14,25.01
2005-06-15,18.80
2005-06-16,12.28
2005-06-17,44.42
2005-06-20,-13.96
2005-06-21,-9.44
2005-06-22,-11.74
2005-06-23,-166.49
2005-06-24,-123.60
2005-06-27,-7.06
2005-06-28,114.85
2005-06-29,-31.15
2005-06-30,-99.51
2005-07-01,28.47
2005-07-04,.
2005-07-05,.
2005-07-06,-101.12
2005-07-07,31.61
2005-07-08,146.85
2005-07-11,70.58
2005-07-12,-5.83
2005-07-13,43.50
2005-07-14,71.50
2005-07-15,11.94
2005-07-18,-65.84
2005-07-19,71.57
2005-07-20,42.59
2005-07-21,-61.38
2005-07-22,23.41
2005-07-25,-54.70
2005-07-26,-16.71
2005-07-27,57.32
2005-07-28,68.46
2005-07-29,-64.64
2005-08-01,-17.76
2005-08-02,60.59
2005-08-03,13.85
2005-08-04,-87.49
2005-08-05,-52.07
2005-08-08,-21.10
2005-08-09,78.74
2005-08-10,-21.26
2005-08-11,91.48
2005-08-12,-85.58
2005-08-15,34.07
2005-08-16,-120.93
2005-08-17,37.26
2005-08-18,4.22
2005-08-19,4.30
2005-08-22,10.66
2005-08-23,-50.31
2005-08-24,-84.71
2005-08-25,15.76
2005-08-26,-53.34
2005-08-29,65.76
2005-08-30,-50.23
2005-08-31,68.78
2005-09-01,-21.97
2005-09-02,-12.26
2005-09-05,.
2005-09-06,.
2005-09-07,44.26
2005-09-08,-37.57
2005-09-09,82.63
2005-09-12,4.38
2005-09-13,-85.50
2005-09-14,-52.54
2005-09-15,13.85
2005-09-16,83.19
2005-09-19,-84.31
2005-09-20,-76.11
2005-09-21,-103.49
2005-09-22,44.02
2005-09-23,-2.46
2005-09-26,24.04
2005-09-27,12.58
2005-09-28,16.88
2005-09-29,79.69
2005-09-30,15.92
2005-10-03,-33.22
2005-10-04,-94.37
2005-10-05,-123.75
2005-10-06,-30.26
2005-10-07,5.21
2005-10-10,-53.55
2005-10-11,14.41
2005-10-12,-36.26
2005-10-13,-0.32
2005-10-14,70.75
2005-10-17,60.76
2005-10-18,-62.84
2005-10-19,128.87
2005-10-20,-133.03
2005-10-21,-65.88
2005-10-24,169.78
2005-10-25,-7.13
2005-10-26,-32.89
2005-10-27,-115.03
2005-10-28,172.82
2005-10-31,37.30
2005-11-01,-33.30
2005-11-02,65.96
2005-11-03,49.86
2005-11-04,8.17
2005-11-07,55.47
2005-11-08,-46.51
2005-11-09,6.49
2005-11-10,93.89
2005-11-11,45.94
2005-11-14,11.13
2005-11-15,-10.73
2005-11-16,-11.68
2005-11-17,45.46
2005-11-18,46.11
2005-11-21,53.95
2005-11-22,51.15
2005-11-23,44.66
2005-11-24,.
2005-11-25,.
2005-11-28,-40.90
2005-11-29,-2.56
2005-11-30,-82.29
2005-12-01,106.70
2005-12-02,-35.06
2005-12-05,-42.50
2005-12-06,21.85
2005-12-07,-45.95
2005-12-08,-55.79
2005-12-09,23.46
2005-12-12,-10.81
2005-12-13,55.95
2005-12-14,59.79
2005-12-15,-1.84
2005-12-16,-6.08
2005-12-19,-39.06
2005-12-20,-30.98
2005-12-21,28.18
2005-12-22,55.71
2005-12-23,-6.17
2005-12-26,.
2005-12-27,.
2005-12-28,18.49
2005-12-29,-11.44
2005-12-30,-67.32
2006-01-02,.
2006-01-03,.
2006-01-04,32.74
2006-01-05,2.00
2006-01-06,77.16
2006-01-09,52.59
2006-01-10,-0.32
2006-01-11,31.86
2006-01-12,-81.08
2006-01-13,-2.49
2006-01-16,.
2006-01-17,.
2006-01-18,-41.46
2006-01-19,25.85
2006-01-20,-213.32
2006-01-23,21.38
2006-01-24,23.45
2006-01-25,-2.48
2006-01-26,99.73
2006-01-27,97.74
2006-01-30,-7.29
2006-01-31,-35.06
2006-02-01,89.09
2006-02-02,-101.97
2006-02-03,-58.36
2006-02-06,4.65
2006-02-07,-48.51
2006-02-08,108.86
2006-02-09,24.73
2006-02-10,35.70
2006-02-13,-26.73
2006-02-14,136.07
2006-02-15,30.58
2006-02-16,61.71
2006-02-17,-5.36
2006-02-20,.
2006-02-21,.
2006-02-22,68.11
2006-02-23,-67.95
2006-02-24,-7.37
2006-02-27,35.70
2006-02-28,-104.14
2006-03-01,60.12
2006-03-02,-28.02
2006-03-03,-3.92
2006-03-06,-63.00
2006-03-07,22.10
2006-03-08,25.05
2006-03-09,-33.46
2006-03-10,104.06
2006-03-13,-0.32
2006-03-14,75.32
2006-03-15,58.43
2006-03-16,43.47
2006-03-17,26.41
2006-03-20,-5.12
2006-03-21,-39.06
2006-03-22,81.96
2006-03-23,-47.14
2006-03-24,9.68
2006-03-27,-29.86
2006-03-28,-95.57
2006-03-29,61.16
2006-03-30,-65.00
2006-03-31,-41.38
2006-04-03,35.62
2006-04-04,58.91
2006-04-05,35.70
2006-04-06,-23.05
2006-04-07,-96.46
2006-04-10,21.29
2006-04-11,-51.70
2006-04-12,40.34
2006-04-13,7.68
2006-04-14,.
2006-04-17,.
2006-04-18,194.99
2006-04-19,10.00
2006-04-20,64.12
2006-04-21,4.56
2006-04-24,-11.13
2006-04-25,-53.07
2006-04-26,71.24
2006-04-27,28.02
2006-04-28,-15.37
2006-05-01,-23.85
2006-05-02,73.16
2006-05-03,-16.17
2006-05-04,38.58
2006-05-05,138.88
2006-05-08,6.80
2006-05-09,55.23
2006-05-10,2.88
2006-05-11,-141.92
2006-05-12,-119.74
2006-05-15,47.78
2006-05-16,-8.88
2006-05-17,-214.28
2006-05-18,-77.32
2006-05-19,15.77
2006-05-22,-18.73
2006-05-23,-26.98
2006-05-24,18.97
2006-05-25,93.73
2006-05-26,67.56
2006-05-29,.
2006-05-30,.
2006-05-31,73.88
2006-06-01,91.97
2006-06-02,-12.41
2006-06-05,-199.15
2006-06-06,-46.58
2006-06-07,-71.24
2006-06-08,7.92
2006-06-09,-46.90
2006-06-12,-99.34
2006-06-13,-86.44
2006-06-14,110.78
2006-06-15,198.27
2006-06-16,-0.64
2006-06-19,-72.44
2006-06-20,32.73
2006-06-21,104.62
2006-06-22,-60.35
2006-06-23,-30.02
2006-06-26,56.19
2006-06-27,-120.54
2006-06-28,48.82
2006-06-29,217.24
2006-06-30,-40.58
2006-07-03,77.80
2006-07-04,.
2006-07-05,.
2006-07-06,73.48
2006-07-07,-134.63
2006-07-10,12.88
2006-07-11,31.22
2006-07-12,-121.59
2006-07-13,-166.89
2006-07-14,-106.94
2006-07-17,8.01
2006-07-18,51.87
2006-07-19,212.19
2006-07-20,-83.32
2006-07-21,-59.72
2006-07-24,182.67
2006-07-25,52.66
2006-07-26,-1.20
2006-07-27,-2.08
2006-07-28,119.27
2006-07-31,-34.02
2006-08-01,-59.95
2006-08-02,74.20
2006-08-03,42.66
2006-08-04,-2.24
2006-08-07,-20.97
2006-08-08,-45.79
2006-08-09,-97.41
2006-08-10,48.19
2006-08-11,-36.34
2006-08-14,9.84
2006-08-15,132.39
2006-08-16,96.86
2006-08-17,7.84
2006-08-18,46.51
2006-08-21,-36.42
2006-08-22,-5.21
2006-08-23,-41.94
2006-08-24,6.56
2006-08-25,-20.41
2006-08-28,67.96
2006-08-29,17.93
2006-08-30,12.97
2006-08-31,-1.76
2006-09-01,83.00
2006-09-04,.
2006-09-05,.
2006-09-06,-63.08
2006-09-07,-74.76
2006-09-08,60.67
2006-09-11,4.73
2006-09-12,101.25
2006-09-13,45.23
2006-09-14,-15.93
2006-09-15,33.38
2006-09-18,-5.77
2006-09-19,-14.09
2006-09-20,72.28
2006-09-21,-79.96
2006-09-22,-25.13
2006-09-25,67.71
2006-09-26,93.58
2006-09-27,19.85
2006-09-28,29.21
2006-09-29,-39.38
2006-10-02,-8.72
2006-10-03,56.99
2006-10-04,123.27
2006-10-05,16.08
2006-10-06,-16.48
2006-10-09,7.60
2006-10-10,9.36
2006-10-11,-15.04
2006-10-12,95.57
2006-10-13,12.81
2006-10-16,20.09
2006-10-17,-30.58
2006-10-18,42.66
2006-10-19,19.05
2006-10-20,-9.36
2006-10-23,114.54
2006-10-24,10.97
2006-10-25,6.80
2006-10-26,28.98
2006-10-27,-73.40
2006-10-30,-3.76
2006-10-31,-5.77
2006-11-01,-49.71
2006-11-02,-12.48
2006-11-03,-32.50
2006-11-06,119.51
2006-11-07,51.22
2006-11-08,19.77
2006-11-09,-73.24
2006-11-10,5.13
2006-11-13,23.45
2006-11-14,86.13
2006-11-15,33.70
2006-11-16,54.11
2006-11-17,36.74
2006-11-20,-26.02
2006-11-21,5.05
2006-11-22,5.36
2006-11-23,.
2006-11-24,.
2006-11-27,-158.46
2006-11-28,14.74
2006-11-29,90.28
2006-11-30,-4.80
2006-12-01,-27.80
2006-12-04,89.72
2006-12-05,47.75
2006-12-06,-22.35
2006-12-07,-30.84
2006-12-08,29.08
2006-12-11,20.99
2006-12-12,-12.90
2006-12-13,1.92
2006-12-14,99.26
2006-12-15,28.76
2006-12-18,-4.25
2006-12-19,30.05
2006-12-20,-7.45
2006-12-21,-42.62
2006-12-22,-78.03
2006-12-25,.
2006-12-26,.
2006-12-27,102.94
2006-12-28,-9.05
2006-12-29,-38.37
2007-01-01,.
2007-01-02,.
2007-01-03,.
2007-01-04,6.17
2007-01-05,-82.68
2007-01-08,25.48
2007-01-09,-6.89
2007-01-10,25.56
2007-01-11,72.82
2007-01-12,41.10
2007-01-15,.
2007-01-16,.
2007-01-17,-5.44
2007-01-18,-9.22
2007-01-19,-2.40
2007-01-22,-88.37
2007-01-23,56.64
2007-01-24,87.97
2007-01-25,-119.21
2007-01-26,-15.54
2007-01-29,3.76
2007-01-30,32.53
2007-01-31,98.38
2007-02-01,51.99
2007-02-02,-20.19
2007-02-05,8.25
2007-02-06,4.57
2007-02-07,0.56
2007-02-08,-29.24
2007-02-09,-56.80
2007-02-12,-28.28
2007-02-13,102.30
2007-02-14,87.01
2007-02-15,23.15
2007-02-16,2.56
2007-02-19,.
2007-02-20,.
2007-02-21,-48.23
2007-02-22,-52.39
2007-02-23,-38.54
2007-02-26,-15.22
2007-02-27,-416.02
2007-02-28,52.39
2007-03-01,-34.29
2007-03-02,-120.24
2007-03-05,-63.69
2007-03-06,157.18
2007-03-07,-15.14
2007-03-08,68.25
2007-03-09,15.62
2007-03-12,42.30
2007-03-13,-242.66
2007-03-14,57.44
2007-03-15,26.28
2007-03-16,-49.27
2007-03-19,115.76
2007-03-20,61.93
2007-03-21,159.42
2007-03-22,13.62
2007-03-23,19.87
2007-03-26,-11.94
2007-03-27,-71.78
2007-03-28,-96.93
2007-03-29,48.39
2007-03-30,5.60
2007-04-02,27.95
2007-04-03,128.00
2007-04-04,19.75
2007-04-05,30.15
2007-04-06,.
2007-04-09,.
2007-04-10,4.71
2007-04-11,-89.23
2007-04-12,68.34
2007-04-13,59.17
2007-04-16,108.33
2007-04-17,52.58
2007-04-18,30.80
2007-04-19,4.79
2007-04-20,153.35
2007-04-23,-42.58
2007-04-24,34.54
2007-04-25,135.95
2007-04-26,15.61
2007-04-27,15.44
2007-04-30,-58.03
2007-05-01,73.23
2007-05-02,75.74
2007-05-03,29.50
2007-05-04,23.24
2007-05-07,48.35
2007-05-08,-3.90
2007-05-09,53.80
2007-05-10,-147.74
2007-05-11,111.09
2007-05-14,20.56
2007-05-15,37.06
2007-05-16,103.69
2007-05-17,-10.81
2007-05-18,79.81
2007-05-21,-13.65
2007-05-22,-2.93
2007-05-23,-14.30
2007-05-24,-84.52
2007-05-25,66.15
2007-05-28,.
2007-05-29,.
2007-05-30,111.74
2007-05-31,-5.44
2007-06-01,40.47
2007-06-04,8.21
2007-06-05,-80.86
2007-06-06,-129.79
2007-06-07,-198.94
2007-06-08,157.66
2007-06-11,0.57
2007-06-12,-129.95
2007-06-13,187.34
2007-06-14,71.37
2007-06-15,85.76
2007-06-18,-26.50
2007-06-19,22.44
2007-06-20,-146.00
2007-06-21,56.42
2007-06-22,-185.58
2007-06-25,-8.21
2007-06-26,-14.39
2007-06-27,90.07
2007-06-28,-5.45
2007-06-29,-13.66
2007-07-02,126.81
2007-07-03,41.87
2007-07-04,.
2007-07-05,.
2007-07-06,45.84
2007-07-09,38.29
2007-07-10,-148.27
2007-07-11,76.17
2007-07-12,283.86
2007-07-13,45.52
2007-07-16,43.73
2007-07-17,20.57
2007-07-18,-53.33
2007-07-19,82.19
2007-07-20,-149.33
2007-07-23,92.34
2007-07-24,-226.47
2007-07-25,68.12
2007-07-26,-311.50
2007-07-27,-208.10
2007-07-30,92.84
2007-07-31,-146.32
2007-08-01,150.38
2007-08-02,100.96
2007-08-03,-281.42
2007-08-06,286.87
2007-08-07,35.52
2007-08-08,153.56
2007-08-09,-387.18
2007-08-10,-31.14
2007-08-13,-3.01
2007-08-14,-207.61
2007-08-15,-167.45
2007-08-16,-15.69
2007-08-17,233.30
2007-08-20,42.27
2007-08-21,-30.49
2007-08-22,145.27
2007-08-23,-0.25
2007-08-24,142.99
2007-08-27,-56.74
2007-08-28,-280.28
2007-08-29,247.44
2007-08-30,-50.56
2007-08-31,119.01
2007-09-03,.
2007-09-04,.
2007-09-05,-143.39
2007-09-06,57.88
2007-09-07,-249.97
2007-09-10,14.47
2007-09-11,180.54
2007-09-12,-16.74
2007-09-13,133.23
2007-09-14,17.64
2007-09-17,-39.10
2007-09-18,335.97
2007-09-19,76.17
2007-09-20,-48.86
2007-09-21,53.49
2007-09-24,-61.13
2007-09-25,19.59
2007-09-26,99.50
2007-09-27,34.79
2007-09-28,-17.31
2007-10-01,191.92
2007-10-02,-40.24
2007-10-03,-79.26
2007-10-04,6.26
2007-10-05,91.70
2007-10-08,-22.28
2007-10-09,120.80
2007-10-10,-85.84
2007-10-11,-63.57
2007-10-12,77.96
2007-10-15,-108.28
2007-10-16,-71.86
2007-10-17,-20.40
2007-10-18,-3.58
2007-10-19,-366.94
2007-10-22,44.95
2007-10-23,109.26
2007-10-24,-0.98
2007-10-25,-3.33
2007-10-26,134.78
2007-10-29,63.56
2007-10-30,-77.79
2007-10-31,137.54
2007-11-01,-362.14
2007-11-02,27.23
2007-11-05,-51.70
2007-11-06,117.54
2007-11-07,-360.92
2007-11-08,-33.73
2007-11-09,-223.55
2007-11-12,-55.19
2007-11-13,319.54
2007-11-14,-76.08
2007-11-15,-120.96
2007-11-16,66.74
2007-11-19,-218.35
2007-11-20,51.70
2007-11-21,-211.10
2007-11-22,.
2007-11-23,.
2007-11-26,-237.44
2007-11-27,215.00
2007-11-28,331.01
2007-11-29,22.28
2007-11-30,59.99
2007-12-03,-57.15
2007-12-04,-65.84
2007-12-05,196.23
2007-12-06,174.93
2007-12-07,5.69
2007-12-10,101.45
2007-12-11,-294.26
2007-12-12,41.13
2007-12-13,44.06
2007-12-14,-178.11
2007-12-17,-172.65
2007-12-18,65.27
2007-12-19,-25.20
2007-12-20,38.37
2007-12-21,205.01
2007-12-24,98.68
2007-12-25,.
2007-12-26,.
2007-12-27,-192.08
2007-12-28,6.26
2007-12-31,-101.05
2008-01-01,.
2008-01-02,.
2008-01-03,12.76
2008-01-04,-256.54
2008-01-07,27.31
2008-01-08,-238.42
2008-01-09,146.24
2008-01-10,117.78
2008-01-11,-246.79
2008-01-14,171.85
2008-01-15,-277.04
2008-01-16,-34.95
2008-01-17,-306.95
2008-01-18,-59.91
2008-01-21,.
2008-01-22,.
2008-01-23,298.98
2008-01-24,108.44
2008-01-25,-171.44
2008-01-28,176.72
2008-01-29,96.41
2008-01-30,-37.47
2008-01-31,207.53
2008-02-01,92.83
2008-02-04,-108.03
2008-02-05,-370.03
2008-02-06,-65.03
2008-02-07,46.90
2008-02-08,-64.87
2008-02-11,57.88
2008-02-12,133.40
2008-02-13,178.83
2008-02-14,-175.26
2008-02-15,-28.77
2008-02-18,.
2008-02-19,.
2008-02-20,90.04
2008-02-21,-142.96
2008-02-22,96.72
2008-02-25,189.20
2008-02-26,114.70
2008-02-27,9.36
2008-02-28,-112.10
2008-02-29,-315.79
2008-03-03,-7.49
2008-03-04,-45.10
2008-03-05,41.19
2008-03-06,-214.60
2008-03-07,-146.70
2008-03-10,-153.54
2008-03-11,416.66
2008-03-12,-46.57
2008-03-13,35.50
2008-03-14,-194.65
2008-03-17,21.16
2008-03-18,420.41
2008-03-19,-293.00
2008-03-20,261.66
2008-03-21,.
2008-03-24,.
2008-03-25,-16.04
2008-03-26,-109.74
2008-03-27,-120.40
2008-03-28,-86.06
2008-03-31,46.49
2008-04-01,391.47
2008-04-02,-48.53
2008-04-03,20.20
2008-04-04,-16.61
2008-04-07,3.01
2008-04-08,-35.99
2008-04-09,-49.18
2008-04-10,54.72
2008-04-11,-256.56
2008-04-14,-23.36
2008-04-15,60.41
2008-04-16,256.80
2008-04-17,1.22
2008-04-18,228.87
2008-04-21,-24.34
2008-04-22,-104.79
2008-04-23,42.99
2008-04-24,85.73
2008-04-25,42.91
2008-04-28,-20.11
2008-04-29,-39.81
2008-04-30,-11.81
2008-05-01,189.87
2008-05-02,48.20
2008-05-05,-88.66
2008-05-06,51.29
2008-05-07,-206.48
2008-05-08,52.43
2008-05-09,-120.90
2008-05-12,130.43
2008-05-13,-44.13
2008-05-14,66.20
2008-05-15,94.28
2008-05-16,-5.86
2008-05-19,41.36
2008-05-20,-199.48
2008-05-21,-227.49
2008-05-22,24.43
2008-05-23,-145.99
2008-05-26,.
2008-05-27,.
2008-05-28,45.68
2008-05-29,52.19
2008-05-30,-7.90
2008-06-02,-134.50
2008-06-03,-100.97
2008-06-04,-12.37
2008-06-05,213.97
2008-06-06,-394.64
2008-06-09,70.51
2008-06-10,9.44
2008-06-11,-205.99
2008-06-12,57.81
2008-06-13,165.77
2008-06-16,-38.27
2008-06-17,-108.78
2008-06-18,-131.24
2008-06-19,34.03
2008-06-20,-220.40
2008-06-23,-0.33
2008-06-24,-34.93
2008-06-25,4.40
2008-06-26,-358.41
2008-06-27,-106.91
2008-06-30,3.50
2008-07-01,32.25
2008-07-02,-166.75
2008-07-03,73.03
2008-07-04,.
2008-07-07,.
2008-07-08,152.25
2008-07-09,-236.77
2008-07-10,81.58
2008-07-11,-128.48
2008-07-14,-45.35
2008-07-15,-92.65
2008-07-16,276.74
2008-07-17,207.38
2008-07-18,49.91
2008-07-21,-29.23
2008-07-22,135.16
2008-07-23,29.88
2008-07-24,-283.10
2008-07-25,21.41
2008-07-28,-239.61
2008-07-29,266.48
2008-07-30,186.13
2008-07-31,-205.67
2008-08-01,-51.70
2008-08-04,-42.17
2008-08-05,331.62
2008-08-06,40.30
2008-08-07,-224.64
2008-08-08,302.89
2008-08-11,48.03
2008-08-12,-139.88
2008-08-13,-109.51
2008-08-14,82.97
2008-08-15,43.97
2008-08-18,-180.51
2008-08-19,-130.84
2008-08-20,68.88
2008-08-21,12.78
2008-08-22,197.85
2008-08-25,-241.81
2008-08-26,26.62
2008-08-27,89.64
2008-08-28,212.67
2008-08-29,-171.63
2008-09-01,.
2008-09-02,.
2008-09-03,15.96
2008-09-04,-344.65
2008-09-05,32.73
2008-09-08,289.78
2008-09-09,-280.01
2008-09-10,38.19
2008-09-11,164.79
2008-09-12,-11.72
2008-09-15,-504.48
2008-09-16,141.51
2008-09-17,-449.36
2008-09-18,410.03
2008-09-19,368.75
2008-09-22,-372.75
2008-09-23,-161.52
2008-09-24,-29.00
2008-09-25,196.89
2008-09-26,121.07
2008-09-29,-777.68
2008-09-30,485.21
2008-10-01,-19.59
2008-10-02,-348.22
2008-10-03,-157.47
2008-10-06,-369.88
2008-10-07,-508.39
2008-10-08,-189.01
2008-10-09,-678.91
2008-10-10,-128.00
2008-10-13,936.42
2008-10-14,-76.62
2008-10-15,-733.08
2008-10-16,401.35
2008-10-17,-127.04
2008-10-20,413.21
2008-10-21,-231.77
2008-10-22,-514.45
2008-10-23,172.04
2008-10-24,-312.30
2008-10-27,-203.18
2008-10-28,889.35
2008-10-29,-74.16
2008-10-30,189.73
2008-10-31,144.32
2008-11-03,-5.18
2008-11-04,305.45
2008-11-05,-486.01
2008-11-06,-443.48
2008-11-07,248.02
2008-11-10,-73.27
2008-11-11,-176.58
2008-11-12,-411.30
2008-11-13,552.59
2008-11-14,-337.94
2008-11-17,-223.73
2008-11-18,151.17
2008-11-19,-427.47
2008-11-20,-444.99
2008-11-21,494.13
2008-11-24,396.97
2008-11-25,36.08
2008-11-26,247.14
2008-11-27,.
2008-11-28,.
2008-12-01,-679.95
2008-12-02,270.00
2008-12-03,172.60
2008-12-04,-215.45
2008-12-05,259.18
2008-12-08,298.76
2008-12-09,-242.85
2008-12-10,70.09
2008-12-11,-196.33
2008-12-12,64.59
2008-12-15,-65.15
2008-12-16,359.61
2008-12-17,-99.80
2008-12-18,-219.35
2008-12-19,-25.88
2008-12-22,-59.34
2008-12-23,-100.28
2008-12-24,48.99
2008-12-25,.
2008-12-26,.
2008-12-29,-31.62
2008-12-30,184.46
2008-12-31,108.00
2009-01-01,.
2009-01-02,.
2009-01-05,-81.80
2009-01-06,62.21
2009-01-07,-245.40
2009-01-08,-27.24
2009-01-09,-143.28
2009-01-12,-125.21
2009-01-13,-25.41
2009-01-14,-248.42
2009-01-15,12.35
2009-01-16,68.73
2009-01-19,.
2009-01-20,.
2009-01-21,279.01
2009-01-22,-105.30
2009-01-23,-45.24
2009-01-26,38.47
2009-01-27,58.70
2009-01-28,200.72
2009-01-29,-226.44
2009-01-30,-148.15
2009-02-02,-64.03
2009-02-03,141.53
2009-02-04,-121.70
2009-02-05,106.41
2009-02-06,217.52
2009-02-09,-9.72
2009-02-10,-381.99
2009-02-11,50.65
2009-02-12,-6.77
2009-02-13,-82.35
2009-02-16,.
2009-02-17,.
2009-02-18,3.03
2009-02-19,-89.68
2009-02-20,-100.28
2009-02-23,-250.89
2009-02-24,236.16
2009-02-25,-80.05
2009-02-26,-88.81
2009-02-27,-119.15
2009-03-02,-299.64
2009-03-03,-37.27
2009-03-04,149.82
2009-03-05,-281.40
2009-03-06,32.50
2009-03-09,-79.89
2009-03-10,379.44
2009-03-11,3.91
2009-03-12,239.66
2009-03-13,53.92
2009-03-16,-7.01
2009-03-17,178.73
2009-03-18,90.88
2009-03-19,-85.78
2009-03-20,-122.42
2009-03-23,497.48
2009-03-24,-115.89
2009-03-25,89.84
2009-03-26,174.75
2009-03-27,-148.38
2009-03-30,-254.16
2009-03-31,86.90
2009-04-01,152.68
2009-04-02,216.48
2009-04-03,39.51
2009-04-06,-41.74
2009-04-07,-186.29
2009-04-08,47.55
2009-04-09,246.27
2009-04-10,.
2009-04-13,.
2009-04-14,-137.63
2009-04-15,109.44
2009-04-16,95.81
2009-04-17,5.90
2009-04-20,-289.60
2009-04-21,127.83
2009-04-22,-82.99
2009-04-23,70.49
2009-04-24,119.23
2009-04-27,-51.29
2009-04-28,-8.05
2009-04-29,168.78
2009-04-30,-17.61
2009-05-01,44.29
2009-05-04,214.33
2009-05-05,-16.09
2009-05-06,101.63
2009-05-07,-102.43
2009-05-08,164.80
2009-05-11,-155.88
2009-05-12,50.34
2009-05-13,-184.22
2009-05-14,46.43
2009-05-15,-62.68
2009-05-18,235.44
2009-05-19,-29.23
2009-05-20,-52.81
2009-05-21,-129.91
2009-05-22,-14.81
2009-05-25,.
2009-05-26,.
2009-05-27,-173.47
2009-05-28,103.78
2009-05-29,96.53
2009-06-01,221.11
2009-06-02,19.43
2009-06-03,-65.59
2009-06-04,74.96
2009-06-05,12.89
2009-06-08,1.36
2009-06-09,-1.43
2009-06-10,-24.04
2009-06-11,31.90
2009-06-12,28.34
2009-06-15,-187.13
2009-06-16,-107.46
2009-06-17,-7.49
2009-06-18,58.42
2009-06-19,-15.87
2009-06-22,-200.72
2009-06-23,-16.10
2009-06-24,-23.05
2009-06-25,172.54
2009-06-26,-34.01
2009-06-29,90.99
2009-06-30,-82.38
2009-07-01,57.06
2009-07-02,-223.32
2009-07-03,.
2009-07-06,.
2009-07-07,-161.27
2009-07-08,14.81
2009-07-09,4.76
2009-07-10,-36.65
2009-07-13,185.16
2009-07-14,27.81
2009-07-15,256.72
2009-07-16,95.61
2009-07-17,32.12
2009-07-20,104.21
2009-07-21,67.79
2009-07-22,-34.68
2009-07-23,188.03
2009-07-24,23.95
2009-07-27,15.27
2009-07-28,-11.79
2009-07-29,-26.00
2009-07-30,83.74
2009-07-31,17.15
2009-08-03,114.95
2009-08-04,33.63
2009-08-05,-39.22
2009-08-06,-24.71
2009-08-07,113.81
2009-08-10,-32.12
2009-08-11,-96.50
2009-08-12,120.16
2009-08-13,36.58
2009-08-14,-76.79
2009-08-17,-186.06
2009-08-18,82.60
2009-08-19,61.22
2009-08-20,70.89
2009-08-21,155.91
2009-08-24,3.32
2009-08-25,30.01
2009-08-26,4.23
2009-08-27,37.11
2009-08-28,-36.43
2009-08-31,-47.92
2009-09-01,-185.68
2009-09-02,-29.93
2009-09-03,63.94
2009-09-04,96.66
2009-09-07,.
2009-09-08,.
2009-09-09,49.88
2009-09-10,80.26
2009-09-11,-22.07
2009-09-14,21.39
2009-09-15,56.61
2009-09-16,108.30
2009-09-17,-7.79
2009-09-18,36.28
2009-09-21,-41.34
2009-09-22,51.01
2009-09-23,-81.32
2009-09-24,-41.11
2009-09-25,-42.25
2009-09-28,124.17
2009-09-29,-47.16
2009-09-30,-29.92
2009-10-01,-203.00
2009-10-02,-21.61
2009-10-05,112.08
2009-10-06,131.50
2009-10-07,-5.67
2009-10-08,61.29
2009-10-09,78.07
2009-10-12,20.86
2009-10-13,-14.74
2009-10-14,144.80
2009-10-15,47.08
2009-10-16,-67.03
2009-10-19,96.28
2009-10-20,-50.71
2009-10-21,-92.12
2009-10-22,131.95
2009-10-23,-109.13
2009-10-26,-104.22
2009-10-27,14.21
2009-10-28,-119.48
2009-10-29,199.89
2009-10-30,-249.85
2009-11-02,76.71
2009-11-03,-17.53
2009-11-04,30.23
2009-11-05,203.82
2009-11-06,17.46
2009-11-09,203.52
2009-11-10,20.03
2009-11-11,44.29
2009-11-12,-93.79
2009-11-13,73.00
2009-11-16,136.49
2009-11-17,30.46
2009-11-18,-11.11
2009-11-19,-93.87
2009-11-20,-14.28
2009-11-23,132.79
2009-11-24,-17.24
2009-11-25,30.69
2009-11-26,.
2009-11-27,.
2009-11-30,34.92
2009-12-01,126.74
2009-12-02,-18.90
2009-12-03,-86.53
2009-12-04,22.75
2009-12-07,1.21
2009-12-08,-104.14
2009-12-09,51.08
2009-12-10,68.78
2009-12-11,65.67
2009-12-14,29.55
2009-12-15,-49.05
2009-12-16,-10.88
2009-12-17,-132.86
2009-12-18,20.63
2009-12-21,85.25
2009-12-22,50.79
2009-12-23,1.51
2009-12-24,53.66
2009-12-25,.
2009-12-28,.
2009-12-29,-1.67
2009-12-30,3.10
2009-12-31,-120.46
2010-01-01,.
2010-01-04,.
2010-01-05,-11.94
2010-01-06,1.66
2010-01-07,33.18
2010-01-08,11.33
2010-01-11,45.80
2010-01-12,-36.73
2010-01-13,53.51
2010-01-14,29.78
2010-01-15,-100.90
2010-01-18,.
2010-01-19,.
2010-01-20,-122.28
2010-01-21,-213.27
2010-01-22,-216.90
2010-01-25,23.88
2010-01-26,-2.57
2010-01-27,41.87
2010-01-28,-115.70
2010-01-29,-53.13
2010-02-01,118.20
2010-02-02,111.32
2010-02-03,-26.30
2010-02-04,-268.37
2010-02-05,10.05
2010-02-08,-103.84
2010-02-09,150.25
2010-02-10,-20.26
2010-02-11,105.81
2010-02-12,-45.05
2010-02-15,.
2010-02-16,.
2010-02-17,40.43
2010-02-18,83.66
2010-02-19,9.45
2010-02-22,-18.97
2010-02-23,-100.97
2010-02-24,91.75
2010-02-25,-53.13
2010-02-26,4.23
2010-03-01,78.53
2010-03-02,2.19
2010-03-03,-9.22
2010-03-04,47.38
2010-03-05,122.06
2010-03-08,-13.68
2010-03-09,11.86
2010-03-10,2.95
2010-03-11,44.51
2010-03-12,12.85
2010-03-15,17.46
2010-03-16,43.83
2010-03-17,47.69
2010-03-18,45.50
2010-03-19,-37.19
2010-03-22,43.91
2010-03-23,102.94
2010-03-24,-52.68
2010-03-25,5.06
2010-03-26,9.15
2010-03-29,45.50
2010-03-30,11.56
2010-03-31,-50.79
2010-04-01,70.44
2010-04-02,.
2010-04-05,.
2010-04-06,-3.56
2010-04-07,-72.47
2010-04-08,29.55
2010-04-09,70.28
2010-04-12,8.62
2010-04-13,13.45
2010-04-14,103.69
2010-04-15,21.46
2010-04-16,-125.91
2010-04-19,73.39
2010-04-20,25.01
2010-04-21,7.86
2010-04-22,9.37
2010-04-23,69.99
2010-04-26,0.75
2010-04-27,-213.04
2010-04-28,53.28
2010-04-29,122.05
2010-04-30,-158.71
2010-05-03,143.22
2010-05-04,-225.06
2010-05-05,-58.65
2010-05-06,-347.80
2010-05-07,-139.89
2010-05-10,404.71
2010-05-11,-36.88
2010-05-12,148.65
2010-05-13,-113.96
2010-05-14,-162.79
2010-05-17,5.67
2010-05-18,-114.88
2010-05-19,-66.58
2010-05-20,-376.36
2010-05-21,125.38
2010-05-24,-126.82
2010-05-25,-22.82
2010-05-26,-69.30
2010-05-27,284.54
2010-05-28,-122.36
2010-05-31,.
2010-06-01,.
2010-06-02,225.52
2010-06-03,5.74
2010-06-04,-323.31
2010-06-07,-115.48
2010-06-08,123.49
2010-06-09,-40.73
2010-06-10,273.28
2010-06-11,38.54
2010-06-14,-20.18
2010-06-15,213.88
2010-06-16,4.69
2010-06-17,24.71
2010-06-18,16.47
2010-06-21,-8.23
2010-06-22,-148.89
2010-06-23,4.92
2010-06-24,-145.64
2010-06-25,-8.99
2010-06-28,-5.29
2010-06-29,-268.22
2010-06-30,-96.28
2010-07-01,-41.49
2010-07-02,-46.05
2010-07-05,.
2010-07-06,.
2010-07-07,274.66
2010-07-08,120.71
2010-07-09,59.04
2010-07-12,18.24
2010-07-13,146.75
2010-07-14,3.70
2010-07-15,-7.41
2010-07-16,-261.41
2010-07-19,56.53
2010-07-20,75.53
2010-07-21,-109.43
2010-07-22,201.77
2010-07-23,102.32
2010-07-26,100.81
2010-07-27,12.26
2010-07-28,-39.81
2010-07-29,-30.72
2010-07-30,-1.22
2010-08-02,208.44
2010-08-03,-38.00
2010-08-04,44.05
2010-08-05,-5.45
2010-08-06,-21.42
2010-08-09,45.19
2010-08-10,-54.50
2010-08-11,-265.42
2010-08-12,-58.88
2010-08-13,-16.80
2010-08-16,-1.14
2010-08-17,103.84
2010-08-18,9.69
2010-08-19,-144.33
2010-08-20,-57.59
2010-08-23,-39.21
2010-08-24,-133.96
2010-08-25,19.61
2010-08-26,-74.25
2010-08-27,164.84
2010-08-30,-140.92
2010-08-31,4.99
2010-09-01,254.75
2010-09-02,50.63
2010-09-03,127.83
2010-09-06,.
2010-09-07,.
2010-09-08,46.32
2010-09-09,28.23
2010-09-10,47.53
2010-09-13,81.36
2010-09-14,-17.64
2010-09-15,46.24
2010-09-16,22.10
2010-09-17,13.02
2010-09-20,145.77
2010-09-21,7.41
2010-09-22,-21.72
2010-09-23,-76.89
2010-09-24,197.84
2010-09-27,-48.22
2010-09-28,46.10
2010-09-29,-22.86
2010-09-30,-47.23
2010-10-01,41.63
2010-10-04,-78.41
2010-10-05,193.45
2010-10-06,22.93
2010-10-07,-19.07
2010-10-08,57.90
2010-10-11,3.86
2010-10-12,10.06
2010-10-13,75.68
2010-10-14,-1.51
2010-10-15,-31.79
2010-10-18,80.91
2010-10-19,-165.07
2010-10-20,129.35
2010-10-21,38.60
2010-10-22,-14.01
2010-10-25,31.49
2010-10-26,5.41
2010-10-27,-43.18
2010-10-28,-12.33
2010-10-29,4.54
2010-11-01,6.13
2010-11-02,64.10
2010-11-03,26.41
2010-11-04,219.71
2010-11-05,9.24
2010-11-08,-37.24
2010-11-09,-60.09
2010-11-10,10.29
2010-11-11,-73.94
2010-11-12,-90.52
2010-11-15,9.39
2010-11-16,-178.47
2010-11-17,-15.62
2010-11-18,173.35
2010-11-19,22.32
2010-11-22,-24.97
2010-11-23,-142.21
2010-11-24,150.91
2010-11-25,.
2010-11-26,.
2010-11-29,-39.51
2010-11-30,-46.47
2010-12-01,249.76
2010-12-02,106.63
2010-12-03,19.68
2010-12-06,-19.90
2010-12-07,-3.03
2010-12-08,13.32
2010-12-09,-2.42
2010-12-10,40.26
2010-12-13,18.24
2010-12-14,47.98
2010-12-15,-19.07
2010-12-16,41.78
2010-12-17,-7.34
2010-12-20,-13.78
2010-12-21,55.03
2010-12-22,26.33
2010-12-23,14.00
2010-12-24,.
2010-12-27,.
2010-12-28,20.51
2010-12-29,9.84
2010-12-30,-15.67
2010-12-31,7.80
2011-01-03,93.24
2011-01-04,20.43
2011-01-05,31.71
2011-01-06,-25.58
2011-01-07,-22.55
2011-01-10,-37.31
2011-01-11,34.43
2011-01-12,83.56
2011-01-13,-23.54
2011-01-14,55.48
2011-01-17,.
2011-01-18,.
2011-01-19,-12.64
2011-01-20,-2.49
2011-01-21,49.04
2011-01-24,108.68
2011-01-25,-3.33
2011-01-26,8.25
2011-01-27,4.39
2011-01-28,-166.13
2011-01-31,68.23
2011-02-01,148.23
2011-02-02,1.81
2011-02-03,20.29
2011-02-04,29.89
2011-02-07,69.48
2011-02-08,71.52
2011-02-09,6.74
2011-02-10,-10.60
2011-02-11,43.97
2011-02-14,-5.07
2011-02-15,-41.55
2011-02-16,61.53
2011-02-17,29.97
2011-02-18,73.11
2011-02-21,.
2011-02-22,.
2011-02-23,-107.01
2011-02-24,-37.28
2011-02-25,61.95
2011-02-28,95.89
2011-03-01,-168.32
2011-03-02,8.78
2011-03-03,191.40
2011-03-04,-88.32
2011-03-07,-79.85
2011-03-08,124.35
2011-03-09,-1.29
2011-03-10,-228.48
2011-03-11,59.79
2011-03-14,-51.24
2011-03-15,-137.74
2011-03-16,-242.12
2011-03-17,161.29
2011-03-18,83.93
2011-03-21,178.01
2011-03-22,-17.90
2011-03-23,67.39
2011-03-24,84.54
2011-03-25,50.03
2011-03-28,-22.71
2011-03-29,81.13
2011-03-30,71.60
2011-03-31,-30.88
2011-04-01,56.99
2011-04-04,23.31
2011-04-05,-6.13
2011-04-06,32.85
2011-04-07,-17.26
2011-04-08,-29.44
2011-04-11,1.06
2011-04-12,-117.53
2011-04-13,7.41
2011-04-14,14.16
2011-04-15,56.68
2011-04-18,-140.24
2011-04-19,65.16
2011-04-20,186.79
2011-04-21,52.45
2011-04-22,.
2011-04-25,.
2011-04-26,115.49
2011-04-27,95.59
2011-04-28,72.35
2011-04-29,47.23
2011-05-02,-3.18
2011-05-03,0.15
2011-05-04,-83.93
2011-05-05,-139.41
2011-05-06,54.57
2011-05-09,45.94
2011-05-10,75.68
2011-05-11,-130.33
2011-05-12,65.89
2011-05-13,-100.17
2011-05-16,-47.38
2011-05-17,-68.79
2011-05-18,80.60
2011-05-19,45.14
2011-05-20,-93.28
2011-05-23,-130.78
2011-05-24,-25.05
2011-05-25,38.45
2011-05-26,8.10
2011-05-27,38.82
2011-05-30,.
2011-05-31,.
2011-06-01,-279.65
2011-06-02,-41.59
2011-06-03,-97.29
2011-06-06,-61.30
2011-06-07,-19.15
2011-06-08,-21.87
2011-06-09,75.42
2011-06-10,-172.45
2011-06-13,1.06
2011-06-14,123.14
2011-06-15,-178.84
2011-06-16,64.25
2011-06-17,42.84
2011-06-20,76.02
2011-06-21,109.63
2011-06-22,-80.34
2011-06-23,-59.67
2011-06-24,-115.42
2011-06-27,108.98
2011-06-28,145.13
2011-06-29,72.73
2011-06-30,152.92
2011-07-01,168.43
2011-07-04,.
2011-07-05,.
2011-07-06,56.15
2011-07-07,93.47
2011-07-08,-62.29
2011-07-11,-151.44
2011-07-12,-58.88
2011-07-13,44.73
2011-07-14,-54.49
2011-07-15,42.61
2011-07-18,-94.57
2011-07-19,202.26
2011-07-20,-15.51
2011-07-21,152.50
2011-07-22,-43.25
2011-07-25,-88.36
2011-07-26,-91.50
2011-07-27,-198.75
2011-07-28,-62.44
2011-07-29,-96.87
2011-08-01,-10.75
2011-08-02,-265.87
2011-08-03,29.82
2011-08-04,-512.76
2011-08-05,60.93
2011-08-08,-634.76
2011-08-09,429.92
2011-08-10,-519.83
2011-08-11,423.37
2011-08-12,125.71
2011-08-15,213.88
2011-08-16,-76.97
2011-08-17,4.28
2011-08-18,-419.63
2011-08-19,-172.93
2011-08-22,37.00
2011-08-23,322.11
2011-08-24,143.95
2011-08-25,-170.89
2011-08-26,134.72
2011-08-29,254.71
2011-08-30,20.70
2011-08-31,53.58
2011-09-01,-119.96
2011-09-02,-253.31
2011-09-05,.
2011-09-06,.
2011-09-07,275.56
2011-09-08,-119.05
2011-09-09,-303.68
2011-09-12,68.99
2011-09-13,44.73
2011-09-14,140.88
2011-09-15,186.45
2011-09-16,75.91
2011-09-19,-108.08
2011-09-20,7.65
2011-09-21,-283.82
2011-09-22,-391.01
2011-09-23,37.65
2011-09-26,272.38
2011-09-27,146.83
2011-09-28,-179.79
2011-09-29,143.08
2011-09-30,-240.60
2011-10-03,-258.08
2011-10-04,153.41
2011-10-05,131.24
2011-10-06,183.38
2011-10-07,-20.21
2011-10-10,330.06
2011-10-11,-16.88
2011-10-12,102.55
2011-10-13,-40.72
2011-10-14,166.36
2011-10-17,-247.49
2011-10-18,180.05
2011-10-19,-72.43
2011-10-20,37.16
2011-10-21,267.01
2011-10-24,104.83
2011-10-25,-207.00
2011-10-26,162.42
2011-10-27,339.51
2011-10-28,22.56
2011-10-31,-276.10
2011-11-01,-297.05
2011-11-02,178.08
2011-11-03,208.43
2011-11-04,-61.23
2011-11-07,85.15
2011-11-08,101.79
2011-11-09,-389.24
2011-11-10,112.85
2011-11-11,259.89
2011-11-14,-74.70
2011-11-15,17.18
2011-11-16,-190.57
2011-11-17,-134.86
2011-11-18,25.43
2011-11-21,-248.85
2011-11-22,-53.59
2011-11-23,-236.17
2011-11-24,.
2011-11-25,.
2011-11-28,291.23
2011-11-29,32.62
2011-11-30,490.05
2011-12-01,-25.65
2011-12-02,-0.61
2011-12-05,78.41
2011-12-06,52.30
2011-12-07,46.24
2011-12-08,-198.67
2011-12-09,186.56
2011-12-12,-162.87
2011-12-13,-66.45
2011-12-14,-131.46
2011-12-15,45.33
2011-12-16,-2.42
2011-12-19,-100.13
2011-12-20,337.32
2011-12-21,4.16
2011-12-22,61.91
2011-12-23,124.35
2011-12-26,.
2011-12-27,.
2011-12-28,-139.94
2011-12-29,135.63
2011-12-30,-69.48
2012-01-02,.
2012-01-03,.
2012-01-04,21.04
2012-01-05,-2.72
2012-01-06,-55.78
2012-01-09,32.77
2012-01-10,69.78
2012-01-11,-13.02
2012-01-12,21.57
2012-01-13,-48.96
2012-01-16,.
2012-01-17,.
2012-01-18,96.88
2012-01-19,45.03
2012-01-20,96.50
2012-01-23,-11.66
2012-01-24,-33.07
2012-01-25,81.21
2012-01-26,-22.33
2012-01-27,-74.17
2012-01-30,-6.74
2012-01-31,-20.81
2012-02-01,83.55
2012-02-02,-11.05
2012-02-03,156.82
2012-02-06,-17.10
2012-02-07,33.07
2012-02-08,5.75
2012-02-09,6.51
2012-02-10,-89.23
2012-02-13,72.81
2012-02-14,4.24
2012-02-15,-97.33
2012-02-16,123.13
2012-02-17,45.79
2012-02-20,.
2012-02-21,.
2012-02-22,-27.02
2012-02-23,46.02
2012-02-24,-1.74
2012-02-27,-1.44
2012-02-28,23.61
2012-02-29,-53.05
2012-03-01,28.23
2012-03-02,-2.73
2012-03-05,-14.76
2012-03-06,-203.66
2012-03-07,78.18
2012-03-08,70.61
2012-03-09,14.08
2012-03-12,37.69
2012-03-13,217.97
2012-03-14,16.42
2012-03-15,58.66
2012-03-16,-20.14
2012-03-19,6.51
2012-03-20,-68.94
2012-03-21,-45.57
2012-03-22,-78.48
2012-03-23,34.59
2012-03-26,160.90
2012-03-27,-43.90
2012-03-28,-71.52
2012-03-29,19.61
2012-03-30,66.22
2012-04-02,52.45
2012-04-03,-64.94
2012-04-04,-124.80
2012-04-05,-14.61
2012-04-06,.
2012-04-09,.
2012-04-10,-213.66
2012-04-11,89.46
2012-04-12,181.19
2012-04-13,-136.99
2012-04-16,71.82
2012-04-17,194.13
2012-04-18,-82.79
2012-04-19,-68.65
2012-04-20,65.16
2012-04-23,-102.09
2012-04-24,74.39
2012-04-25,89.16
2012-04-26,113.90
2012-04-27,23.69
2012-04-30,-14.68
2012-05-01,65.69
2012-05-02,-10.75
2012-05-03,-61.98
2012-05-04,-168.32
2012-05-07,-29.74
2012-05-08,-76.44
2012-05-09,-97.03
2012-05-10,19.98
2012-05-11,-34.44
2012-05-14,-125.25
2012-05-15,-63.35
2012-05-16,-33.45
2012-05-17,-156.06
2012-05-18,-73.11
2012-05-21,135.10
2012-05-22,-1.67
2012-05-23,-6.66
2012-05-24,33.60
2012-05-25,-74.92
2012-05-28,.
2012-05-29,.
2012-05-30,-160.83
2012-05-31,-26.41
2012-06-01,-274.88
2012-06-04,-17.11
2012-06-05,26.49
2012-06-06,286.84
2012-06-07,46.17
2012-06-08,93.24
2012-06-11,-142.97
2012-06-12,162.57
2012-06-13,-77.42
2012-06-14,155.53
2012-06-15,115.26
2012-06-18,-25.35
2012-06-19,95.51
2012-06-20,-12.94
2012-06-21,-250.82
2012-06-22,67.21
2012-06-25,-138.12
2012-06-26,32.01
2012-06-27,92.34
2012-06-28,-24.75
2012-06-29,277.83
2012-07-02,-8.70
2012-07-03,72.43
2012-07-04,.
2012-07-05,.
2012-07-06,-124.20
2012-07-09,-36.18
2012-07-10,-83.17
2012-07-11,-48.59
2012-07-12,-31.26
2012-07-13,203.82
2012-07-16,-49.88
2012-07-17,78.33
2012-07-18,103.16
2012-07-19,34.66
2012-07-20,-120.79
2012-07-23,-101.11
2012-07-24,-104.14
2012-07-25,58.73
2012-07-26,211.88
2012-07-27,187.73
2012-07-30,-2.65
2012-07-31,-64.33
2012-08-01,-37.62
2012-08-02,-92.18
2012-08-03,217.29
2012-08-06,21.34
2012-08-07,51.09
2012-08-08,7.04
2012-08-09,-10.45
2012-08-10,42.76
2012-08-13,-38.52
2012-08-14,2.71
2012-08-15,-7.36
2012-08-16,85.33
2012-08-17,25.09
2012-08-20,-3.56
2012-08-21,-68.06
2012-08-22,-30.82
2012-08-23,-115.30
2012-08-24,100.51
2012-08-27,-33.30
2012-08-28,-21.68
2012-08-29,4.49
2012-08-30,-106.77
2012-08-31,90.13
2012-09-03,.
2012-09-04,.
2012-09-05,11.54
2012-09-06,244.52
2012-09-07,14.64
2012-09-10,-52.35
2012-09-11,69.07
2012-09-12,9.99
2012-09-13,206.51
2012-09-14,53.51
2012-09-17,-40.27
2012-09-18,11.54
2012-09-19,13.32
2012-09-20,18.97
2012-09-21,-17.46
2012-09-24,-20.55
2012-09-25,-101.37
2012-09-26,-44.04
2012-09-27,72.46
2012-09-28,-48.84
2012-10-01,77.98
2012-10-02,-32.75
2012-10-03,12.25
2012-10-04,80.75
2012-10-05,34.79
2012-10-08,-26.50
2012-10-09,-110.12
2012-10-10,-128.56
2012-10-11,-18.58
2012-10-12,2.46
2012-10-15,95.38
2012-10-16,127.55
2012-10-17,5.22
2012-10-18,-8.06
2012-10-19,-205.43
2012-10-22,2.38
2012-10-23,-243.36
2012-10-24,-25.19
2012-10-25,26.34
2012-10-26,3.53
2012-10-29,.
2012-10-30,.
2012-10-31,.
2012-11-01,136.16
2012-11-02,-139.46
2012-11-05,19.28
2012-11-06,133.24
2012-11-07,-312.95
2012-11-08,-121.41
2012-11-09,4.07
2012-11-12,-0.31
2012-11-13,-58.90
2012-11-14,-185.23
2012-11-15,-28.57
2012-11-16,45.93
2012-11-19,207.65
2012-11-20,-7.45
2012-11-21,48.38
2012-11-22,.
2012-11-23,.
2012-11-26,-42.31
2012-11-27,-89.24
2012-11-28,106.98
2012-11-29,36.71
2012-11-30,3.76
2012-12-03,-59.98
2012-12-04,-13.82
2012-12-05,82.71
2012-12-06,39.55
2012-12-07,81.09
2012-12-10,14.75
2012-12-11,78.56
2012-12-12,-2.99
2012-12-13,-74.73
2012-12-14,-35.71
2012-12-17,100.38
2012-12-18,115.57
2012-12-19,-98.99
2012-12-20,59.75
2012-12-21,-120.88
2012-12-24,-51.76
2012-12-25,.
2012-12-26,.
2012-12-27,-18.28
2012-12-28,-158.20
2012-12-31,166.03
2013-01-01,.
2013-01-02,.
2013-01-03,-21.19
2013-01-04,43.85
2013-01-07,-50.92
2013-01-08,-55.44
2013-01-09,61.66
2013-01-10,80.71
2013-01-11,17.21
2013-01-14,18.89
2013-01-15,27.57
2013-01-16,-23.66
2013-01-17,84.79
2013-01-18,53.68
2013-01-21,.
2013-01-22,.
2013-01-23,67.12
2013-01-24,46.00
2013-01-25,70.65
2013-01-28,-14.05
2013-01-29,72.49
2013-01-30,-44.00
2013-01-31,-49.84
2013-02-01,149.21
2013-02-04,-129.71
2013-02-05,99.22
2013-02-06,7.22
2013-02-07,-42.47
2013-02-08,48.92
2013-02-11,-21.73
2013-02-12,47.46
2013-02-13,-35.79
2013-02-14,-9.52
2013-02-15,8.37
2013-02-18,.
2013-02-19,.
2013-02-20,-108.13
2013-02-21,-46.92
2013-02-22,119.95
2013-02-25,-216.40
2013-02-26,115.96
2013-02-27,175.24
2013-02-28,-20.88
2013-03-01,35.17
2013-03-04,38.16
2013-03-05,125.95
2013-03-06,42.47
2013-03-07,33.25
2013-03-08,67.58
2013-03-11,50.22
2013-03-12,2.77
2013-03-13,5.22
2013-03-14,83.86
2013-03-15,-25.03
2013-03-18,-62.05
2013-03-19,3.76
2013-03-20,55.91
2013-03-21,-90.24
2013-03-22,90.54
2013-03-25,-64.28
2013-03-26,111.90
2013-03-27,-33.49
2013-03-28,52.38
2013-03-29,.
2013-04-01,.
2013-04-02,89.16
2013-04-03,-111.66
2013-04-04,55.76
2013-04-05,-40.86
2013-04-08,48.23
2013-04-09,59.98
2013-04-10,128.78
2013-04-11,62.90
2013-04-12,-0.08
2013-04-15,-265.86
2013-04-16,157.58
2013-04-17,-138.19
2013-04-18,-81.45
2013-04-19,10.37
2013-04-22,19.66
2013-04-23,152.29
2013-04-24,-43.16
2013-04-25,24.50
2013-04-26,11.75
2013-04-29,106.20
2013-04-30,21.05
2013-05-01,-138.85
2013-05-02,130.63
2013-05-03,142.38
2013-05-06,-5.07
2013-05-07,87.31
2013-05-08,48.92
2013-05-09,-22.50
2013-05-10,35.87
2013-05-13,-26.81
2013-05-14,123.57
2013-05-15,60.44
2013-05-16,-42.47
2013-05-17,121.18
2013-05-20,-19.12
2013-05-21,52.30
2013-05-22,-80.41
2013-05-23,-12.67
2013-05-24,8.60
2013-05-27,.
2013-05-28,.
2013-05-29,-106.59
2013-05-30,21.73
2013-05-31,-208.96
2013-06-03,138.46
2013-06-04,-76.49
2013-06-05,-216.95
2013-06-06,80.03
2013-06-07,207.50
2013-06-10,-9.53
2013-06-11,-116.57
2013-06-12,-126.79
2013-06-13,180.85
2013-06-14,-105.90
2013-06-17,109.67
2013-06-18,138.38
2013-06-19,-206.04
2013-06-20,-353.87
2013-06-21,41.08
2013-06-24,-139.84
2013-06-25,100.75
2013-06-26,149.83
2013-06-27,114.35
2013-06-28,-114.89
2013-07-01,65.36
2013-07-02,-42.55
2013-07-03,56.14
2013-07-04,.
2013-07-05,.
2013-07-08,88.85
2013-07-09,75.65
2013-07-10,-8.68
2013-07-11,169.26
2013-07-12,3.38
2013-07-15,19.96
2013-07-16,-32.41
2013-07-17,18.67
2013-07-18,78.02
2013-07-19,-4.80
2013-07-22,1.81
2013-07-23,22.19
2013-07-24,-25.50
2013-07-25,13.37
2013-07-26,3.22
2013-07-29,-36.86
2013-07-30,-1.38
2013-07-31,-21.05
2013-08-01,128.48
2013-08-02,30.34
2013-08-05,-46.23
2013-08-06,-93.39
2013-08-07,-48.07
2013-08-08,27.65
2013-08-09,-72.81
2013-08-12,-5.83
2013-08-13,31.33
2013-08-14,-113.35
2013-08-15,-225.47
2013-08-16,-30.72
2013-08-19,-70.73
2013-08-20,-7.75
2013-08-21,-105.44
2013-08-22,66.19
2013-08-23,46.77
2013-08-26,-64.05
2013-08-27,-170.33
2013-08-28,48.38
2013-08-29,16.44
2013-08-30,-30.64
2013-09-02,.
2013-09-03,.
2013-09-04,96.91
2013-09-05,6.61
2013-09-06,-14.98
2013-09-09,140.62
2013-09-10,127.94
2013-09-11,135.54
2013-09-12,-25.96
2013-09-13,75.42
2013-09-16,118.72
2013-09-17,34.95
2013-09-18,147.21
2013-09-19,-40.39
2013-09-20,-185.46
2013-09-23,-49.71
2013-09-24,-66.79
2013-09-25,-61.33
2013-09-26,55.04
2013-09-27,-70.06
2013-09-30,-128.57
2013-10-01,62.03
2013-10-02,-58.56
2013-10-03,-136.66
2013-10-04,76.10
2013-10-07,-136.34
2013-10-08,-159.71
2013-10-09,26.45
2013-10-10,323.09
2013-10-11,111.04
2013-10-14,64.15
2013-10-15,-133.25
2013-10-16,205.82
2013-10-17,-2.18
2013-10-18,28.00
2013-10-21,-7.45
2013-10-22,75.46
2013-10-23,-54.33
2013-10-24,95.88
2013-10-25,61.07
2013-10-28,-1.35
2013-10-29,111.42
2013-10-30,-61.59
2013-10-31,-73.01
2013-11-01,69.80
2013-11-04,23.57
2013-11-05,-20.90
2013-11-06,128.66
2013-11-07,-152.90
2013-11-08,167.80
2013-11-11,21.32
2013-11-12,-32.43
2013-11-13,70.96
2013-11-14,54.59
2013-11-15,85.48
2013-11-18,14.32
2013-11-19,-8.99
2013-11-20,-66.21
2013-11-21,109.17
2013-11-22,54.78
2013-11-25,7.77
2013-11-26,0.26
2013-11-27,24.53
2013-11-28,.
2013-11-29,.
2013-12-02,-77.64
2013-12-03,-94.15
2013-12-04,-24.85
2013-12-05,-68.26
2013-12-06,198.69
2013-12-09,5.33
2013-12-10,-52.40
2013-12-11,-129.60
2013-12-12,-104.10
2013-12-13,15.93
2013-12-16,129.21
2013-12-17,-9.31
2013-12-18,292.71
2013-12-19,11.11
2013-12-20,42.06
2013-12-23,73.47
2013-12-24,62.94
2013-12-25,.
2013-12-26,.
2013-12-27,-1.47
2013-12-30,25.88
2013-12-31,72.37
2014-01-01,.
2014-01-02,.
2014-01-03,28.64
2014-01-06,-44.89
2014-01-07,105.84
2014-01-08,-68.20
2014-01-09,-17.98
2014-01-10,-7.71
2014-01-13,-179.11
2014-01-14,115.92
2014-01-15,108.08
2014-01-16,-64.93
2014-01-17,41.55
2014-01-20,.
2014-01-21,.
2014-01-22,-41.10
2014-01-23,-175.99
2014-01-24,-318.24
2014-01-27,-41.23
2014-01-28,90.68
2014-01-29,-189.77
2014-01-30,109.82
2014-01-31,-149.76
2014-02-03,-326.05
2014-02-04,72.44
2014-02-05,-5.01
2014-02-06,188.30
2014-02-07,165.55
2014-02-10,7.71
2014-02-11,192.98
2014-02-12,-30.83
2014-02-13,63.65
2014-02-14,126.80
2014-02-17,.
2014-02-18,.
2014-02-19,-89.84
2014-02-20,92.67
2014-02-21,-29.93
2014-02-24,103.84
2014-02-25,-27.48
2014-02-26,18.75
2014-02-27,74.24
2014-02-28,49.06
2014-03-03,-153.68
2014-03-04,227.85
2014-03-05,-35.70
2014-03-06,61.71
2014-03-07,30.83
2014-03-10,-34.04
2014-03-11,-67.43
2014-03-12,-11.17
2014-03-13,-231.19
2014-03-14,-43.22
2014-03-17,181.55
2014-03-18,88.97
2014-03-19,-114.02
2014-03-20,108.88
2014-03-21,-28.28
2014-03-24,-26.08
2014-03-25,91.19
2014-03-26,-98.89
2014-03-27,-4.76
2014-03-28,58.83
2014-03-31,134.60
2014-04-01,74.95
2014-04-02,40.39
2014-04-03,-0.45
2014-04-04,-159.84
2014-04-07,-166.84
2014-04-08,10.27
2014-04-09,181.04
2014-04-10,-266.96
2014-04-11,-143.47
2014-04-14,146.49
2014-04-15,89.32
2014-04-16,162.29
2014-04-17,-16.31
2014-04-18,.
2014-04-21,.
2014-04-22,65.12
2014-04-23,-12.72
2014-04-24,0.00
2014-04-25,-140.19
2014-04-28,87.28
2014-04-29,86.63
2014-04-30,45.47
2014-05-01,-21.97
2014-05-02,-45.98
2014-05-05,17.66
2014-05-06,-129.53
2014-05-07,117.52
2014-05-08,32.43
2014-05-09,32.37
2014-05-12,112.13
2014-05-13,19.97
2014-05-14,-101.47
2014-05-15,-167.16
2014-05-16,44.50
2014-05-19,20.55
2014-05-20,-137.55
2014-05-21,158.75
2014-05-22,10.02
2014-05-23,63.19
2014-05-26,.
2014-05-27,.
2014-05-28,-42.32
2014-05-29,65.56
2014-05-30,18.43
2014-06-02,26.46
2014-06-03,-21.29
2014-06-04,15.19
2014-06-05,98.58
2014-06-06,88.17
2014-06-09,18.82
2014-06-10,2.82
2014-06-11,-102.04
2014-06-12,-109.69
2014-06-13,41.55
2014-06-16,5.27
2014-06-17,27.48
2014-06-18,98.13
2014-06-19,14.84
2014-06-20,25.62
2014-06-23,-9.82
2014-06-24,-119.13
2014-06-25,49.38
2014-06-26,-21.38
2014-06-27,5.71
2014-06-30,-25.24
2014-07-01,129.47
2014-07-02,20.17
2014-07-03,92.02
2014-07-04,.
2014-07-07,.
2014-07-08,-117.59
2014-07-09,78.99
2014-07-10,-70.54
2014-07-11,28.74
2014-07-14,111.61
2014-07-15,5.26
2014-07-16,77.52
2014-07-17,-161.39
2014-07-18,123.37
2014-07-21,-48.45
2014-07-22,61.81
2014-07-23,-26.91
2014-07-24,-2.83
2014-07-25,-123.23
2014-07-28,22.02
2014-07-29,-70.48
2014-07-30,-31.75
2014-07-31,-317.06
2014-08-01,-69.93
2014-08-04,75.91
2014-08-05,-139.81
2014-08-06,13.87
2014-08-07,-75.07
2014-08-08,185.66
2014-08-11,16.05
2014-08-12,-9.44
2014-08-13,91.26
2014-08-14,61.78
2014-08-15,-50.67
2014-08-18,175.83
2014-08-19,80.85
2014-08-20,59.54
2014-08-21,60.36
2014-08-22,-38.27
2014-08-25,75.65
2014-08-26,29.83
2014-08-27,15.31
2014-08-28,-42.44
2014-08-29,18.88
2014-09-01,.
2014-09-02,.
2014-09-03,10.72
2014-09-04,-8.70
2014-09-05,67.78
2014-09-08,-25.94
2014-09-09,-97.55
2014-09-10,54.84
2014-09-11,-19.71
2014-09-12,-61.49
2014-09-15,43.63
2014-09-16,100.83
2014-09-17,24.88
2014-09-18,109.14
2014-09-19,13.75
2014-09-22,-107.06
2014-09-23,-116.81
2014-09-24,154.19
2014-09-25,-264.26
2014-09-26,167.35
2014-09-29,-41.93
2014-09-30,-28.32
2014-10-01,-238.19
2014-10-02,-3.66
2014-10-03,208.64
2014-10-06,-17.78
2014-10-07,-272.52
2014-10-08,274.83
2014-10-09,-334.97
2014-10-10,-115.15
2014-10-13,-223.03
2014-10-14,-5.88
2014-10-15,-173.45
2014-10-16,-24.50
2014-10-17,263.17
2014-10-20,19.26
2014-10-21,215.14
2014-10-22,-153.49
2014-10-23,216.58
2014-10-24,127.51
2014-10-27,12.53
2014-10-28,187.81
2014-10-29,-31.44
2014-10-30,221.11
2014-10-31,195.10
2014-11-03,-24.28
2014-11-04,17.60
2014-11-05,100.69
2014-11-06,69.94
2014-11-07,19.46
2014-11-10,39.81
2014-11-11,1.16
2014-11-12,-2.70
2014-11-13,40.59
2014-11-14,-18.05
2014-11-17,13.01
2014-11-18,40.07
2014-11-19,-2.09
2014-11-20,33.27
2014-11-21,91.06
2014-11-24,7.84
2014-11-25,-2.96
2014-11-26,12.81
2014-11-27,.
2014-11-28,.
2014-12-01,-51.44
2014-12-02,102.75
2014-12-03,33.07
