2001 Jan 24  13:07,1d
2001 Feb 23  08:21,1d
2001 Mar 25  01:21,1d
2001 Apr 23  15:26,1d
2001 May 23  02:46,1d
2001 Jun 21  11:58,1d
2001 Jul 20  19:44,1d
2001 Aug 19  02:55,1d
2001 Sep 17  10:27,1d
2001 Oct 16  19:23,1d
2001 Nov 15  06:40,1d
2001 Dec 14  20:48,1d
2002 Jan 13  13:29,1d
2002 Feb 12  07:41,1d
2002 Mar 14  02:03,1d
2002 Apr 12  19:21,1d
2002 May 12  10:45,1d
2002 Jun 10  23:47,1d
2002 Jul 10  10:26,1d
2002 Aug 08  19:15,1d
2002 Sep 07  03:10,1d
2002 Oct 06  11:17,1d
2002 Nov 04  20:34,1d
2002 Dec 04  07:34,1d
2003 Jan 02  20:23,1d
2003 Feb 01  10:48,1d
2003 Mar 03  02:35,1d
2003 Apr 01  19:19,1d
2003 May 01  12:15,1d
2003 May 31  04:20,1d
2003 Jun 29  18:39,1d
2003 Jul 29  06:53,1d
2003 Aug 27  17:26,1d
2003 Sep 26  03:09,1d
2003 Oct 25  12:50,1d
2003 Nov 23  22:59,1d
2003 Dec 23  09:43,1d
2004 Jan 01  09:56,2d
2004 Jan 02  10:38,3d
2004 Jan 03  11:22,4d
2004 Jan 04  12:09,5d
2004 Jan 05  12:58,6d
2004 Jan 06  13:49,7d
2004 Jan 07  14:41,8d
2004 Jan 08  15:33,9d
2004 Jan 09  16:24,10d
2004 Jan 10  17:12,11d
2004 Jan 11  17:59,12d
2004 Jan 12  18:45,13d
2004 Jan 13  19:30,14d
2004 Jan 14  20:16,15d
2004 Jan 15  21:04,16d
2004 Jan 16  21:56,17d
2004 Jan 17  22:52,18d
2004 Jan 18  23:53,19d
2004 Jan 20  00:58,20d
2004 Jan 21  02:03,21d
2004 Jan 21  21:05,1d
2004 Jan 22  03:05,2d
2004 Jan 23  04:03,3d
2004 Jan 24  04:55,4d
2004 Jan 25  05:43,5d
2004 Jan 26  06:27,6d
2004 Jan 27  07:10,7d
2004 Jan 28  07:51,8d
2004 Jan 29  08:34,9d
2004 Jan 30  09:17,10d
2004 Jan 31  10:03,11d
2004 Feb 01  10:51,12d
2004 Feb 02  11:41,13d
2004 Feb 03  12:33,14d
2004 Feb 04  13:26,15d
2004 Feb 05  14:18,16d
2004 Feb 06  15:08,17d
2004 Feb 07  15:56,18d
2004 Feb 08  16:42,19d
2004 Feb 09  17:28,20d
2004 Feb 10  18:14,21d
2004 Feb 11  19:01,22d
2004 Feb 12  19:51,23d
2004 Feb 13  20:45,24d
2004 Feb 14  21:43,25d
2004 Feb 15  22:44,26d
2004 Feb 16  23:47,27d
2004 Feb 18  00:49,28d
2004 Feb 19  01:48,29d
2004 Feb 20  02:42,30d
2004 Feb 20  09:18,1d
2004 Feb 21  03:31,2d
2004 Feb 22  04:18,3d
2004 Feb 23  05:02,4d
2004 Feb 24  05:44,5d
2004 Feb 25  06:27,6d
2004 Feb 26  07:10,7d
2004 Feb 27  07:56,8d
2004 Feb 28  08:43,9d
2004 Feb 29  09:32,10d
2004 Mar 01  10:24,11d
2004 Mar 02  11:16,12d
2004 Mar 03  12:08,13d
2004 Mar 04  12:59,14d
2004 Mar 05  13:48,15d
2004 Mar 06  14:36,16d
2004 Mar 07  15:23,17d
2004 Mar 08  16:10,18d
2004 Mar 09  16:57,19d
2004 Mar 10  17:47,20d
2004 Mar 11  18:41,21d
2004 Mar 12  19:38,22d
2004 Mar 13  20:38,23d
2004 Mar 14  21:40,24d
2004 Mar 15  22:41,25d
2004 Mar 16  23:39,26d
2004 Mar 18  00:33,27d
2004 Mar 19  01:24,28d
2004 Mar 20  02:10,29d
2004 Mar 20  22:41,1d
2004 Mar 21  02:55,2d
2004 Mar 22  03:38,3d
2004 Mar 23  04:20,4d
2004 Mar 24  05:04,5d
2004 Mar 25  05:48,6d
2004 Mar 26  06:35,7d
2004 Mar 27  07:24,8d
2004 Mar 28  08:14,9d
2004 Mar 29  09:06,10d
2004 Mar 30  09:58,11d
2004 Mar 31  10:48,12d
2004 Apr 01  11:38,13d
2004 Apr 02  12:26,14d
2004 Apr 03  13:13,15d
2004 Apr 04  14:00,16d
2004 Apr 05  14:48,17d
2004 Apr 06  15:38,18d
2004 Apr 07  16:32,19d
2004 Apr 08  17:29,20d
2004 Apr 09  18:30,21d
2004 Apr 10  19:33,22d
2004 Apr 11  20:35,23d
2004 Apr 12  21:35,24d
2004 Apr 13  22:30,25d
2004 Apr 14  23:20,26d
2004 Apr 16  00:07,27d
2004 Apr 17  00:51,28d
2004 Apr 18  01:34,29d
2004 Apr 19  02:16,30d
2004 Apr 19  13:21,1d
2004 Apr 20  02:59,2d
2004 Apr 21  03:43,3d
2004 Apr 22  04:29,4d
2004 Apr 23  05:17,5d
2004 Apr 24  06:07,6d
2004 Apr 25  06:58,7d
2004 Apr 26  07:49,8d
2004 Apr 27  08:40,9d
2004 Apr 28  09:28,10d
2004 Apr 29  10:16,11d
2004 Apr 30  11:02,12d
2004 May 01  11:48,13d
2004 May 02  12:35,14d
2004 May 03  13:25,15d
2004 May 04  14:17,16d
2004 May 05  15:14,17d
2004 May 06  16:15,18d
2004 May 07  17:20,19d
2004 May 08  18:25,20d
2004 May 09  19:28,21d
2004 May 10  20:26,22d
2004 May 11  21:18,23d
2004 May 12  22:06,24d
2004 May 13  22:51,25d
2004 May 14  23:33,26d
2004 May 16  00:15,27d
2004 May 17  00:57,28d
2004 May 18  01:40,29d
2004 May 19  02:25,30d
2004 May 19  04:52,1d
2004 May 20  03:12,2d
2004 May 21  04:02,3d
2004 May 22  04:52,4d
2004 May 23  05:44,5d
2004 May 24  06:34,6d
2004 May 25  07:23,7d
2004 May 26  08:10,8d
2004 May 27  08:55,9d
2004 May 28  09:40,10d
2004 May 29  10:25,11d
2004 May 30  11:12,12d
2004 May 31  12:01,13d
2004 Jun 01  12:55,14d
2004 Jun 02  13:55,15d
2004 Jun 03  14:59,16d
2004 Jun 04  16:06,17d
2004 Jun 05  17:13,18d
2004 Jun 06  18:15,19d
2004 Jun 07  19:11,20d
2004 Jun 08  20:02,21d
2004 Jun 09  20:49,22d
2004 Jun 10  21:32,23d
2004 Jun 11  22:14,24d
2004 Jun 12  22:56,25d
2004 Jun 13  23:39,26d
2004 Jun 15  00:23,27d
2004 Jun 16  01:09,28d
2004 Jun 17  01:58,29d
2004 Jun 17  20:27,1d
2004 Jun 18  02:48,2d
2004 Jun 19  03:40,3d
2004 Jun 20  04:30,4d
2004 Jun 21  05:19,5d
2004 Jun 22  06:07,6d
2004 Jun 23  06:52,7d
2004 Jun 24  07:36,8d
2004 Jun 25  08:20,9d
2004 Jun 26  09:04,10d
2004 Jun 27  09:50,11d
2004 Jun 28  10:41,12d
2004 Jun 29  11:36,13d
2004 Jun 30  12:37,14d
2004 Jul 01  13:42,15d
2004 Jul 02  14:50,16d
2004 Jul 03  15:56,17d
2004 Jul 04  16:57,18d
2004 Jul 05  17:52,19d
2004 Jul 06  18:42,20d
2004 Jul 07  19:28,21d
2004 Jul 08  20:12,22d
2004 Jul 09  20:54,23d
2004 Jul 10  21:37,24d
2004 Jul 11  22:21,25d
2004 Jul 12  23:06,26d
2004 Jul 13  23:54,27d
2004 Jul 15  00:44,28d
2004 Jul 16  01:35,29d
2004 Jul 17  02:27,30d
2004 Jul 17  11:24,1d
2004 Jul 18  03:17,2d
2004 Jul 19  04:05,3d
2004 Jul 20  04:51,4d
2004 Jul 21  05:35,5d
2004 Jul 22  06:18,6d
2004 Jul 23  07:02,7d
2004 Jul 24  07:46,8d
2004 Jul 25  08:33,9d
2004 Jul 26  09:25,10d
2004 Jul 27  10:21,11d
2004 Jul 28  11:23,12d
2004 Jul 29  12:28,13d
2004 Jul 30  13:35,14d
2004 Jul 31  14:38,15d
2004 Aug 01  15:37,16d
2004 Aug 02  16:30,17d
2004 Aug 03  17:19,18d
2004 Aug 04  18:05,19d
2004 Aug 05  18:49,20d
2004 Aug 06  19:32,21d
2004 Aug 07  20:16,22d
2004 Aug 08  21:02,23d
2004 Aug 09  21:49,24d
2004 Aug 10  22:39,25d
2004 Aug 11  23:30,26d
2004 Aug 13  00:21,27d
2004 Aug 14  01:12,28d
2004 Aug 15  02:01,29d
2004 Aug 16  01:24,1d
2004 Aug 16  02:48,2d
2004 Aug 17  03:33,3d
2004 Aug 18  04:17,4d
2004 Aug 19  05:01,5d
2004 Aug 20  05:45,6d
2004 Aug 21  06:31,7d
2004 Aug 22  07:20,8d
2004 Aug 23  08:14,9d
2004 Aug 24  09:12,10d
2004 Aug 25  10:14,11d
2004 Aug 26  11:18,12d
2004 Aug 27  12:22,13d
2004 Aug 28  13:21,14d
2004 Aug 29  14:16,15d
2004 Aug 30  15:07,16d
2004 Aug 31  15:55,17d
2004 Sep 01  16:40,18d
2004 Sep 02  17:24,19d
2004 Sep 03  18:09,20d
2004 Sep 04  18:55,21d
2004 Sep 05  19:42,22d
2004 Sep 06  20:32,23d
2004 Sep 07  21:22,24d
2004 Sep 08  22:14,25d
2004 Sep 09  23:05,26d
2004 Sep 10  23:54,27d
2004 Sep 12  00:42,28d
2004 Sep 13  01:29,29d
2004 Sep 14  02:13,30d
2004 Sep 14  14:29,1d
2004 Sep 15  02:58,2d
2004 Sep 16  03:42,3d
2004 Sep 17  04:28,4d
2004 Sep 18  05:17,5d
2004 Sep 19  06:10,6d
2004 Sep 20  07:07,7d
2004 Sep 21  08:07,8d
2004 Sep 22  09:10,9d
2004 Sep 23  10:12,10d
2004 Sep 24  11:11,11d
2004 Sep 25  12:06,12d
2004 Sep 26  12:58,13d
2004 Sep 27  13:46,14d
2004 Sep 28  14:31,15d
2004 Sep 29  15:16,16d
2004 Sep 30  16:01,17d
2004 Oct 01  16:46,18d
2004 Oct 02  17:34,19d
2004 Oct 03  18:23,20d
2004 Oct 04  19:13,21d
2004 Oct 05  20:05,22d
2004 Oct 06  20:56,23d
2004 Oct 07  21:46,24d
2004 Oct 08  22:34,25d
2004 Oct 09  23:21,26d
2004 Oct 11  00:06,27d
2004 Oct 12  00:50,28d
2004 Oct 13  01:35,29d
2004 Oct 14  02:21,30d
2004 Oct 14  02:48,1d
2004 Oct 15  03:10,2d
2004 Oct 16  04:03,3d
2004 Oct 17  04:59,4d
2004 Oct 18  06:00,5d
2004 Oct 19  07:04,6d
2004 Oct 20  08:06,7d
2004 Oct 21  09:06,8d
2004 Oct 22  10:02,9d
2004 Oct 23  10:53,10d
2004 Oct 24  11:41,11d
2004 Oct 25  12:26,12d
2004 Oct 26  13:10,13d
2004 Oct 27  13:54,14d
2004 Oct 28  14:39,15d
2004 Oct 29  15:26,16d
2004 Oct 30  16:14,17d
2004 Oct 31  17:05,18d
2004 Nov 01  17:56,19d
2004 Nov 02  18:47,20d
2004 Nov 03  19:38,21d
2004 Nov 04  20:26,22d
2004 Nov 05  21:13,23d
2004 Nov 06  21:58,24d
2004 Nov 07  22:41,25d
2004 Nov 08  23:25,26d
2004 Nov 10  00:10,27d
2004 Nov 11  00:58,28d
2004 Nov 12  01:49,29d
2004 Nov 12  14:27,1d
2004 Nov 13  02:45,2d
2004 Nov 14  03:46,3d
2004 Nov 15  04:51,4d
2004 Nov 16  05:57,5d
2004 Nov 17  07:00,6d
2004 Nov 18  07:58,7d
2004 Nov 19  08:51,8d
2004 Nov 20  09:39,9d
2004 Nov 21  10:25,10d
2004 Nov 22  11:08,11d
2004 Nov 23  11:51,12d
2004 Nov 24  12:35,13d
2004 Nov 25  13:21,14d
2004 Nov 26  14:08,15d
2004 Nov 27  14:58,16d
2004 Nov 28  15:49,17d
2004 Nov 29  16:40,18d
2004 Nov 30  17:31,19d
2004 Dec 01  18:20,20d
2004 Dec 02  19:07,21d
2004 Dec 03  19:52,22d
2004 Dec 04  20:35,23d
2004 Dec 05  21:17,24d
2004 Dec 06  22:00,25d
2004 Dec 07  22:45,26d
2004 Dec 08  23:33,27d
2004 Dec 10  00:26,28d
2004 Dec 11  01:25,29d
2004 Dec 12  01:29,1d
2004 Dec 12  02:30,2d
2004 Dec 13  03:37,3d
2004 Dec 14  04:44,4d
2004 Dec 15  05:47,5d
2004 Dec 16  06:44,6d
2004 Dec 17  07:35,7d
2004 Dec 18  08:23,8d
2004 Dec 19  09:07,9d
2004 Dec 20  09:51,10d
2004 Dec 21  10:34,11d
2004 Dec 22  11:18,12d
2004 Dec 23  12:05,13d
2004 Dec 24  12:53,14d
2004 Dec 25  13:44,15d
2004 Dec 26  14:35,16d
2004 Dec 27  15:26,17d
2004 Dec 28  16:16,18d
2004 Dec 29  17:04,19d
2004 Dec 30  17:49,20d
2004 Dec 31  18:32,21d
2005 Jan 01  19:13,22d
2005 Jan 02  19:55,23d
2005 Jan 03  20:37,24d
2005 Jan 04  21:22,25d
2005 Jan 05  22:11,26d
2005 Jan 06  23:05,27d
2005 Jan 08  00:06,28d
2005 Jan 09  01:11,29d
2005 Jan 10  02:19,30d
2005 Jan 10  12:03,1d
2005 Jan 11  03:26,2d
2005 Jan 12  04:28,3d
2005 Jan 13  05:24,4d
2005 Jan 14  06:15,5d
2005 Jan 15  07:02,6d
2005 Jan 16  07:47,7d
2005 Jan 17  08:31,8d
2005 Jan 18  09:16,9d
2005 Jan 19  10:02,10d
2005 Jan 20  10:50,11d
2005 Jan 21  11:40,12d
2005 Jan 22  12:31,13d
2005 Jan 23  13:22,14d
2005 Jan 24  14:12,15d
2005 Jan 25  15:01,16d
2005 Jan 26  15:47,17d
2005 Jan 27  16:30,18d
2005 Jan 28  17:12,19d
2005 Jan 29  17:54,20d
2005 Jan 30  18:35,21d
2005 Jan 31  19:18,22d
2005 Feb 01  20:04,23d
2005 Feb 02  20:54,24d
2005 Feb 03  21:50,25d
2005 Feb 04  22:51,26d
2005 Feb 05  23:56,27d
2005 Feb 07  01:02,28d
2005 Feb 08  02:06,29d
2005 Feb 08  22:28,1d
2005 Feb 09  03:06,2d
2005 Feb 10  04:00,3d
2005 Feb 11  04:50,4d
2005 Feb 12  05:38,5d
2005 Feb 13  06:24,6d
2005 Feb 14  07:10,7d
2005 Feb 15  07:57,8d
2005 Feb 16  08:45,9d
2005 Feb 17  09:35,10d
2005 Feb 18  10:26,11d
2005 Feb 19  11:17,12d
2005 Feb 20  12:08,13d
2005 Feb 21  12:57,14d
2005 Feb 22  13:44,15d
2005 Feb 23  14:28,16d
2005 Feb 24  15:11,17d
2005 Feb 25  15:53,18d
2005 Feb 26  16:35,19d
2005 Feb 27  17:17,20d
2005 Feb 28  18:02,21d
2005 Mar 01  18:50,22d
2005 Mar 02  19:43,23d
2005 Mar 03  20:40,24d
2005 Mar 04  21:42,25d
2005 Mar 05  22:46,26d
2005 Mar 06  23:49,27d
2005 Mar 08  00:49,28d
2005 Mar 09  01:44,29d
2005 Mar 10  02:36,30d
2005 Mar 10  09:10,1d
2005 Mar 11  03:25,2d
2005 Mar 12  04:12,3d
2005 Mar 13  04:59,4d
2005 Mar 14  05:47,5d
2005 Mar 15  06:36,6d
2005 Mar 16  07:26,7d
2005 Mar 17  08:18,8d
2005 Mar 18  09:10,9d
2005 Mar 19  10:01,10d
2005 Mar 20  10:51,11d
2005 Mar 21  11:38,12d
2005 Mar 22  12:24,13d
2005 Mar 23  13:07,14d
2005 Mar 24  13:50,15d
2005 Mar 25  14:32,16d
2005 Mar 26  15:15,17d
2005 Mar 27  15:59,18d
2005 Mar 28  16:47,19d
2005 Mar 29  17:39,20d
2005 Mar 30  18:35,21d
2005 Mar 31  19:36,22d
2005 Apr 01  20:38,23d
2005 Apr 02  21:40,24d
2005 Apr 03  22:39,25d
2005 Apr 04  23:35,26d
2005 Apr 06  00:26,27d
2005 Apr 07  01:15,28d
2005 Apr 08  02:02,29d
2005 Apr 08  20:32,1d
2005 Apr 09  02:49,2d
2005 Apr 10  03:36,3d
2005 Apr 11  04:25,4d
2005 Apr 12  05:15,5d
2005 Apr 13  06:07,6d
2005 Apr 14  07:00,7d
2005 Apr 15  07:52,8d
2005 Apr 16  08:43,9d
2005 Apr 17  09:31,10d
2005 Apr 18  10:18,11d
2005 Apr 19  11:01,12d
2005 Apr 20  11:44,13d
2005 Apr 21  12:26,14d
2005 Apr 22  13:08,15d
2005 Apr 23  13:53,16d
2005 Apr 24  14:40,17d
2005 Apr 25  15:32,18d
2005 Apr 26  16:28,19d
2005 Apr 27  17:28,20d
2005 Apr 28  18:31,21d
2005 Apr 29  19:34,22d
2005 Apr 30  20:34,23d
2005 May 01  21:30,24d
2005 May 02  22:22,25d
2005 May 03  23:10,26d
2005 May 04  23:57,27d
2005 May 06  00:42,28d
2005 May 07  01:28,29d
2005 May 08  02:16,30d
2005 May 08  08:45,1d
2005 May 09  03:05,2d
2005 May 10  03:57,3d
2005 May 11  04:50,4d
2005 May 12  05:43,5d
2005 May 13  06:35,6d
2005 May 14  07:24,7d
2005 May 15  08:11,8d
2005 May 16  08:55,9d
2005 May 17  09:38,10d
2005 May 18  10:19,11d
2005 May 19  11:01,12d
2005 May 20  11:44,13d
2005 May 21  12:30,14d
2005 May 22  13:19,15d
2005 May 23  14:14,16d
2005 May 24  15:14,17d
2005 May 25  16:19,18d
2005 May 26  17:24,19d
2005 May 27  18:27,20d
2005 May 28  19:26,21d
2005 May 29  20:19,22d
2005 May 30  21:09,23d
2005 May 31  21:55,24d
2005 Jun 01  22:40,25d
2005 Jun 02  23:25,26d
2005 Jun 04  00:11,27d
2005 Jun 05  00:59,28d
2005 Jun 06  01:50,29d
2005 Jun 06  21:55,1d
2005 Jun 07  02:42,2d
2005 Jun 08  03:35,3d
2005 Jun 09  04:27,4d
2005 Jun 10  05:18,5d
2005 Jun 11  06:06,6d
2005 Jun 12  06:51,7d
2005 Jun 13  07:33,8d
2005 Jun 14  08:14,9d
2005 Jun 15  08:55,10d
2005 Jun 16  09:36,11d
2005 Jun 17  10:20,12d
2005 Jun 18  11:06,13d
2005 Jun 19  11:58,14d
2005 Jun 20  12:56,15d
2005 Jun 21  13:59,16d
2005 Jun 22  15:06,17d
2005 Jun 23  16:12,18d
2005 Jun 24  17:15,19d
2005 Jun 25  18:12,20d
2005 Jun 26  19:04,21d
2005 Jun 27  19:53,22d
2005 Jun 28  20:39,23d
2005 Jun 29  21:24,24d
2005 Jun 30  22:10,25d
2005 Jul 01  22:57,26d
2005 Jul 02  23:46,27d
2005 Jul 04  00:37,28d
2005 Jul 05  01:29,29d
2005 Jul 06  02:22,30d
2005 Jul 06  12:03,1d
2005 Jul 07  03:13,2d
2005 Jul 08  04:02,3d
2005 Jul 09  04:47,4d
2005 Jul 10  05:31,5d
2005 Jul 11  06:12,6d
2005 Jul 12  06:52,7d
2005 Jul 13  07:32,8d
2005 Jul 14  08:14,9d
2005 Jul 15  08:57,10d
2005 Jul 16  09:45,11d
2005 Jul 17  10:39,12d
2005 Jul 18  11:38,13d
2005 Jul 19  12:43,14d
2005 Jul 20  13:50,15d
2005 Jul 21  14:55,16d
2005 Jul 22  15:57,17d
2005 Jul 23  16:53,18d
2005 Jul 24  17:45,19d
2005 Jul 25  18:33,20d
2005 Jul 26  19:20,21d
2005 Jul 27  20:07,22d
2005 Jul 28  20:54,23d
2005 Jul 29  21:43,24d
2005 Jul 30  22:33,25d
2005 Jul 31  23:25,26d
2005 Aug 02  00:18,27d
2005 Aug 03  01:09,28d
2005 Aug 04  01:59,29d
2005 Aug 05  02:45,30d
2005 Aug 05  03:05,1d
2005 Aug 06  03:29,2d
2005 Aug 07  04:11,3d
2005 Aug 08  04:52,4d
2005 Aug 09  05:31,5d
2005 Aug 10  06:12,6d
2005 Aug 11  06:54,7d
2005 Aug 12  07:39,8d
2005 Aug 13  08:29,9d
2005 Aug 14  09:24,10d
2005 Aug 15  10:24,11d
2005 Aug 16  11:28,12d
2005 Aug 17  12:34,13d
2005 Aug 18  13:37,14d
2005 Aug 19  14:36,15d
2005 Aug 20  15:31,16d
2005 Aug 21  16:22,17d
2005 Aug 22  17:11,18d
2005 Aug 23  17:59,19d
2005 Aug 24  18:47,20d
2005 Aug 25  19:37,21d
2005 Aug 26  20:28,22d
2005 Aug 27  21:20,23d
2005 Aug 28  22:13,24d
2005 Aug 29  23:05,25d
2005 Aug 30  23:55,26d
2005 Sep 01  00:43,27d
2005 Sep 02  01:28,28d
2005 Sep 03  02:10,29d
2005 Sep 03  18:45,1d
2005 Sep 04  02:51,2d
2005 Sep 05  03:31,3d
2005 Sep 06  04:11,4d
2005 Sep 07  04:53,5d
2005 Sep 08  05:37,6d
2005 Sep 09  06:25,7d
2005 Sep 10  07:17,8d
2005 Sep 11  08:14,9d
2005 Sep 12  09:15,10d
2005 Sep 13  10:18,11d
2005 Sep 14  11:20,12d
2005 Sep 15  12:19,13d
2005 Sep 16  13:15,14d
2005 Sep 17  14:07,15d
2005 Sep 18  14:57,16d
2005 Sep 19  15:47,17d
2005 Sep 20  16:36,18d
2005 Sep 21  17:26,19d
2005 Sep 22  18:18,20d
2005 Sep 23  19:12,21d
2005 Sep 24  20:06,22d
2005 Sep 25  20:59,23d
2005 Sep 26  21:50,24d
2005 Sep 27  22:39,25d
2005 Sep 28  23:25,26d
2005 Sep 30  00:08,27d
2005 Oct 01  00:49,28d
2005 Oct 02  01:30,29d
2005 Oct 03  02:10,30d
2005 Oct 03  10:28,1d
2005 Oct 04  02:52,2d
2005 Oct 05  03:35,3d
2005 Oct 06  04:22,4d
2005 Oct 07  05:13,5d
2005 Oct 08  06:09,6d
2005 Oct 09  07:08,7d
2005 Oct 10  08:09,8d
2005 Oct 11  09:10,9d
2005 Oct 12  10:09,10d
2005 Oct 13  11:04,11d
2005 Oct 14  11:56,12d
2005 Oct 15  12:45,13d
2005 Oct 16  13:34,14d
2005 Oct 17  14:23,15d
2005 Oct 18  15:13,16d
2005 Oct 19  16:05,17d
2005 Oct 20  16:59,18d
2005 Oct 21  17:54,19d
2005 Oct 22  18:49,20d
2005 Oct 23  19:42,21d
2005 Oct 24  20:32,22d
2005 Oct 25  21:19,23d
2005 Oct 26  22:03,24d
2005 Oct 27  22:45,25d
2005 Oct 28  23:26,26d
2005 Oct 30  00:06,27d
2005 Oct 31  00:47,28d
2005 Nov 01  01:30,29d
2005 Nov 02  01:25,1d
2005 Nov 02  02:17,2d
2005 Nov 03  03:07,3d
2005 Nov 04  04:02,4d
2005 Nov 05  05:02,5d
2005 Nov 06  06:03,6d
2005 Nov 07  07:05,7d
2005 Nov 08  08:04,8d
2005 Nov 09  08:59,9d
2005 Nov 10  09:50,10d
2005 Nov 11  10:39,11d
2005 Nov 12  11:26,12d
2005 Nov 13  12:14,13d
2005 Nov 14  13:02,14d
2005 Nov 15  13:53,15d
2005 Nov 16  14:46,16d
2005 Nov 17  15:40,17d
2005 Nov 18  16:36,18d
2005 Nov 19  17:31,19d
2005 Nov 20  18:23,20d
2005 Nov 21  19:12,21d
2005 Nov 22  19:57,22d
2005 Nov 23  20:40,23d
2005 Nov 24  21:21,24d
2005 Nov 25  22:00,25d
2005 Nov 26  22:41,26d
2005 Nov 27  23:22,27d
2005 Nov 29  00:07,28d
2005 Nov 30  00:56,29d
2005 Dec 01  01:50,30d
2005 Dec 01  15:01,1d
2005 Dec 02  02:49,2d
2005 Dec 03  03:52,3d
2005 Dec 04  04:56,4d
2005 Dec 05  05:57,5d
2005 Dec 06  06:55,6d
2005 Dec 07  07:48,7d
2005 Dec 08  08:37,8d
2005 Dec 09  09:24,9d
2005 Dec 10  10:10,10d
2005 Dec 11  10:57,11d
2005 Dec 12  11:46,12d
2005 Dec 13  12:37,13d
2005 Dec 14  13:30,14d
2005 Dec 15  14:25,15d
2005 Dec 16  15:20,16d
2005 Dec 17  16:14,17d
2005 Dec 18  17:04,18d
2005 Dec 19  17:51,19d
2005 Dec 20  18:35,20d
2005 Dec 21  19:16,21d
2005 Dec 22  19:56,22d
2005 Dec 23  20:35,23d
2005 Dec 24  21:15,24d
2005 Dec 25  21:57,25d
2005 Dec 26  22:43,26d
2005 Dec 27  23:34,27d
2005 Dec 29  00:31,28d
2005 Dec 30  01:33,29d
2005 Dec 31  02:38,30d
2005 Dec 31  03:12,1d
2006 Jan 01  03:42,2d
2006 Jan 02  04:44,3d
2006 Jan 03  05:40,4d
2006 Jan 04  06:32,5d
2006 Jan 05  07:21,6d
2006 Jan 06  08:09,7d
2006 Jan 07  08:55,8d
2006 Jan 08  09:43,9d
2006 Jan 09  10:33,10d
2006 Jan 10  11:24,11d
2006 Jan 11  12:18,12d
2006 Jan 12  13:13,13d
2006 Jan 13  14:06,14d
2006 Jan 14  14:58,15d
2006 Jan 15  15:46,16d
2006 Jan 16  16:31,17d
2006 Jan 17  17:13,18d
2006 Jan 18  17:53,19d
2006 Jan 19  18:32,20d
2006 Jan 20  19:11,21d
2006 Jan 21  19:51,22d
2006 Jan 22  20:35,23d
2006 Jan 23  21:22,24d
2006 Jan 24  22:14,25d
2006 Jan 25  23:12,26d
2006 Jan 27  00:15,27d
2006 Jan 28  01:20,28d
2006 Jan 29  02:23,29d
2006 Jan 29  14:15,1d
2006 Jan 30  03:24,2d
2006 Jan 31  04:20,3d
2006 Feb 01  05:12,4d
2006 Feb 02  06:02,5d
2006 Feb 03  06:50,6d
2006 Feb 04  07:39,7d
2006 Feb 05  08:29,8d
2006 Feb 06  09:21,9d
2006 Feb 07  10:14,10d
2006 Feb 08  11:08,11d
2006 Feb 09  12:02,12d
2006 Feb 10  12:54,13d
2006 Feb 11  13:43,14d
2006 Feb 12  14:28,15d
2006 Feb 13  15:11,16d
2006 Feb 14  15:52,17d
2006 Feb 15  16:31,18d
2006 Feb 16  17:10,19d
2006 Feb 17  17:49,20d
2006 Feb 18  18:31,21d
2006 Feb 19  19:16,22d
2006 Feb 20  20:04,23d
2006 Feb 21  20:58,24d
2006 Feb 22  21:57,25d
2006 Feb 23  22:59,26d
2006 Feb 25  00:02,27d
2006 Feb 26  01:03,28d
2006 Feb 27  02:01,29d
2006 Feb 28  00:31,1d
2006 Feb 28  02:56,2d
2006 Mar 01  03:48,3d
2006 Mar 02  04:38,4d
2006 Mar 03  05:29,5d
2006 Mar 04  06:20,6d
2006 Mar 05  07:13,7d
2006 Mar 06  08:08,8d
2006 Mar 07  09:03,9d
2006 Mar 08  09:57,10d
2006 Mar 09  10:50,11d
2006 Mar 10  11:40,12d
2006 Mar 11  12:26,13d
2006 Mar 12  13:10,14d
2006 Mar 13  13:51,15d
2006 Mar 14  14:31,16d
2006 Mar 15  15:10,17d
2006 Mar 16  15:49,18d
2006 Mar 17  16:30,19d
2006 Mar 18  17:14,20d
2006 Mar 19  18:01,21d
2006 Mar 20  18:52,22d
2006 Mar 21  19:48,23d
2006 Mar 22  20:47,24d
2006 Mar 23  21:47,25d
2006 Mar 24  22:47,26d
2006 Mar 25  23:45,27d
2006 Mar 27  00:40,28d
2006 Mar 28  01:32,29d
2006 Mar 29  02:23,30d
2006 Mar 29  10:15,1d
2006 Mar 30  03:14,2d
2006 Mar 31  04:06,3d
2006 Apr 01  04:59,4d
2006 Apr 02  05:55,5d
2006 Apr 03  06:52,6d
2006 Apr 04  07:49,7d
2006 Apr 05  08:43,8d
2006 Apr 06  09:35,9d
2006 Apr 07  10:23,10d
2006 Apr 08  11:08,11d
2006 Apr 09  11:49,12d
2006 Apr 10  12:29,13d
2006 Apr 11  13:08,14d
2006 Apr 12  13:48,15d
2006 Apr 13  14:29,16d
2006 Apr 14  15:12,17d
2006 Apr 15  15:58,18d
2006 Apr 16  16:48,19d
2006 Apr 17  17:43,20d
2006 Apr 18  18:41,21d
2006 Apr 19  19:40,22d
2006 Apr 20  20:39,23d
2006 Apr 21  21:36,24d
2006 Apr 22  22:30,25d
2006 Apr 23  23:21,26d
2006 Apr 25  00:11,27d
2006 Apr 26  01:00,28d
2006 Apr 27  01:51,29d
2006 Apr 27  19:44,1d
2006 Apr 28  02:44,2d
2006 Apr 29  03:39,3d
2006 Apr 30  04:36,4d
2006 May 01  05:35,5d
2006 May 02  06:32,6d
2006 May 03  07:26,7d
2006 May 04  08:16,8d
2006 May 05  09:03,9d
2006 May 06  09:46,10d
2006 May 07  10:26,11d
2006 May 08  11:06,12d
2006 May 09  11:45,13d
2006 May 10  12:25,14d
2006 May 11  13:07,15d
2006 May 12  13:53,16d
2006 May 13  14:43,17d
2006 May 14  15:37,18d
2006 May 15  16:35,19d
2006 May 16  17:35,20d
2006 May 17  18:34,21d
2006 May 18  19:32,22d
2006 May 19  20:26,23d
2006 May 20  21:17,24d
2006 May 21  22:05,25d
2006 May 22  22:53,26d
2006 May 23  23:42,27d
2006 May 25  00:32,28d
2006 May 26  01:25,29d
2006 May 27  02:21,30d
2006 May 27  05:26,1d
2006 May 28  03:20,2d
2006 May 29  04:18,3d
2006 May 30  05:14,4d
2006 May 31  06:07,5d
2006 Jun 01  06:56,6d
2006 Jun 02  07:40,7d
2006 Jun 03  08:22,8d
2006 Jun 04  09:02,9d
2006 Jun 05  09:41,10d
2006 Jun 06  10:20,11d
2006 Jun 07  11:01,12d
2006 Jun 08  11:45,13d
2006 Jun 09  12:33,14d
2006 Jun 10  13:26,15d
2006 Jun 11  14:24,16d
2006 Jun 12  15:24,17d
2006 Jun 13  16:26,18d
2006 Jun 14  17:25,19d
2006 Jun 15  18:22,20d
2006 Jun 16  19:14,21d
2006 Jun 17  20:03,22d
2006 Jun 18  20:51,23d
2006 Jun 19  21:38,24d
2006 Jun 20  22:27,25d
2006 Jun 21  23:18,26d
2006 Jun 23  00:12,27d
2006 Jun 24  01:08,28d
2006 Jun 25  02:06,29d
2006 Jun 25  16:05,1d
2006 Jun 26  03:03,2d
2006 Jun 27  03:57,3d
2006 Jun 28  04:48,4d
2006 Jun 29  05:34,5d
2006 Jun 30  06:17,6d
2006 Jul 01  06:58,7d
2006 Jul 02  07:37,8d
2006 Jul 03  08:16,9d
2006 Jul 04  08:56,10d
2006 Jul 05  09:38,11d
2006 Jul 06  10:23,12d
2006 Jul 07  11:13,13d
2006 Jul 08  12:09,14d
2006 Jul 09  13:09,15d
2006 Jul 10  14:11,16d
2006 Jul 11  15:13,17d
2006 Jul 12  16:12,18d
2006 Jul 13  17:07,19d
2006 Jul 14  17:59,20d
2006 Jul 15  18:48,21d
2006 Jul 16  19:36,22d
2006 Jul 17  20:25,23d
2006 Jul 18  21:15,24d
2006 Jul 19  22:07,25d
2006 Jul 20  23:02,26d
2006 Jul 21  23:59,27d
2006 Jul 23  00:55,28d
2006 Jul 24  01:50,29d
2006 Jul 25  02:42,30d
2006 Jul 25  04:31,1d
2006 Jul 26  03:29,2d
2006 Jul 27  04:14,3d
2006 Jul 28  04:55,4d
2006 Jul 29  05:34,5d
2006 Jul 30  06:13,6d
2006 Jul 31  06:52,7d
2006 Aug 01  07:32,8d
2006 Aug 02  08:16,9d
2006 Aug 03  09:03,10d
2006 Aug 04  09:55,11d
2006 Aug 05  10:51,12d
2006 Aug 06  11:52,13d
2006 Aug 07  12:54,14d
2006 Aug 08  13:55,15d
2006 Aug 09  14:53,16d
2006 Aug 10  15:48,17d
2006 Aug 11  16:40,18d
2006 Aug 12  17:30,19d
2006 Aug 13  18:20,20d
2006 Aug 14  19:10,21d
2006 Aug 15  20:03,22d
2006 Aug 16  20:58,23d
2006 Aug 17  21:54,24d
2006 Aug 18  22:50,25d
2006 Aug 19  23:46,26d
2006 Aug 21  00:38,27d
2006 Aug 22  01:26,28d
2006 Aug 23  02:11,29d
2006 Aug 23  19:10,1d
2006 Aug 24  02:53,2d
2006 Aug 25  03:33,3d
2006 Aug 26  04:12,4d
2006 Aug 27  04:50,5d
2006 Aug 28  05:30,6d
2006 Aug 29  06:12,7d
2006 Aug 30  06:56,8d
2006 Aug 31  07:45,9d
2006 Sep 01  08:39,10d
2006 Sep 02  09:36,11d
2006 Sep 03  10:36,12d
2006 Sep 04  11:37,13d
2006 Sep 05  12:35,14d
2006 Sep 06  13:31,15d
2006 Sep 07  14:25,16d
2006 Sep 08  15:17,17d
2006 Sep 09  16:08,18d
2006 Sep 10  17:00,19d
2006 Sep 11  17:54,20d
2006 Sep 12  18:50,21d
2006 Sep 13  19:47,22d
2006 Sep 14  20:45,23d
2006 Sep 15  21:41,24d
2006 Sep 16  22:35,25d
2006 Sep 17  23:24,26d
2006 Sep 19  00:10,27d
2006 Sep 20  00:52,28d
2006 Sep 21  01:33,29d
2006 Sep 22  02:12,30d
2006 Sep 22  11:45,1d
2006 Sep 23  02:50,2d
2006 Sep 24  03:29,3d
2006 Sep 25  04:10,4d
2006 Sep 26  04:54,5d
2006 Sep 27  05:41,6d
2006 Sep 28  06:32,7d
2006 Sep 29  07:27,8d
2006 Sep 30  08:24,9d
2006 Oct 01  09:23,10d
2006 Oct 02  10:20,11d
2006 Oct 03  11:16,12d
2006 Oct 04  12:09,13d
2006 Oct 05  13:01,14d
2006 Oct 06  13:52,15d
2006 Oct 07  14:45,16d
2006 Oct 08  15:39,17d
2006 Oct 09  16:35,18d
2006 Oct 10  17:34,19d
2006 Oct 11  18:34,20d
2006 Oct 12  19:33,21d
2006 Oct 13  20:29,22d
2006 Oct 14  21:20,23d
2006 Oct 15  22:07,24d
2006 Oct 16  22:51,25d
2006 Oct 17  23:32,26d
2006 Oct 19  00:11,27d
2006 Oct 20  00:50,28d
2006 Oct 21  01:29,29d
2006 Oct 22  02:09,30d
2006 Oct 22  05:14,1d
2006 Oct 23  02:52,2d
2006 Oct 24  03:39,3d
2006 Oct 25  04:29,4d
2006 Oct 26  05:22,5d
2006 Oct 27  06:19,6d
2006 Oct 28  07:16,7d
2006 Oct 29  08:12,8d
2006 Oct 30  09:06,9d
2006 Oct 31  09:58,10d
2006 Nov 01  10:49,11d
2006 Nov 02  11:38,12d
2006 Nov 03  12:29,13d
2006 Nov 04  13:21,14d
2006 Nov 05  14:17,15d
2006 Nov 06  15:15,16d
2006 Nov 07  16:16,17d
2006 Nov 08  17:17,18d
2006 Nov 09  18:17,19d
2006 Nov 10  19:11,20d
2006 Nov 11  20:02,21d
2006 Nov 12  20:47,22d
2006 Nov 13  21:29,23d
2006 Nov 14  22:09,24d
2006 Nov 15  22:48,25d
2006 Nov 16  23:27,26d
2006 Nov 18  00:07,27d
2006 Nov 19  00:49,28d
2006 Nov 20  01:35,29d
2006 Nov 20  22:18,1d
2006 Nov 21  02:24,2d
2006 Nov 22  03:17,3d
2006 Nov 23  04:13,4d
2006 Nov 24  05:11,5d
2006 Nov 25  06:08,6d
2006 Nov 26  07:02,7d
2006 Nov 27  07:54,8d
2006 Nov 28  08:44,9d
2006 Nov 29  09:32,10d
2006 Nov 30  10:20,11d
2006 Dec 01  11:09,12d
2006 Dec 02  12:02,13d
2006 Dec 03  12:57,14d
2006 Dec 04  13:57,15d
2006 Dec 05  14:58,16d
2006 Dec 06  16:00,17d
2006 Dec 07  16:58,18d
2006 Dec 08  17:51,19d
2006 Dec 09  18:40,20d
2006 Dec 10  19:24,21d
2006 Dec 11  20:05,22d
2006 Dec 12  20:44,23d
2006 Dec 13  21:23,24d
2006 Dec 14  22:02,25d
2006 Dec 15  22:44,26d
2006 Dec 16  23:28,27d
2006 Dec 18  00:16,28d
2006 Dec 19  01:08,29d
2006 Dec 20  02:04,30d
2006 Dec 20  14:01,1d
2006 Dec 21  03:02,2d
2006 Dec 22  04:01,3d
2006 Dec 23  04:57,4d
2006 Dec 24  05:51,5d
2006 Dec 25  06:41,6d
2006 Dec 26  07:30,7d
2006 Dec 27  08:17,8d
2006 Dec 28  09:05,9d
2006 Dec 29  09:55,10d
2006 Dec 30  10:47,11d
2006 Dec 31  11:44,12d
2007 Jan 01  12:43,13d
2007 Jan 02  13:44,14d
2007 Jan 03  14:43,15d
2007 Jan 04  15:39,16d
2007 Jan 05  16:30,17d
2007 Jan 06  17:16,18d
2007 Jan 07  17:59,19d
2007 Jan 08  18:40,20d
2007 Jan 09  19:19,21d
2007 Jan 10  19:58,22d
2007 Jan 11  20:38,23d
2007 Jan 12  21:20,24d
2007 Jan 13  22:06,25d
2007 Jan 14  22:56,26d
2007 Jan 15  23:50,27d
2007 Jan 17  00:47,28d
2007 Jan 18  01:47,29d
2007 Jan 19  02:46,30d
2007 Jan 19  04:01,1d
2007 Jan 20  03:42,2d
2007 Jan 21  04:35,3d
2007 Jan 22  05:25,4d
2007 Jan 23  06:14,5d
2007 Jan 24  07:03,6d
2007 Jan 25  07:52,7d
2007 Jan 26  08:44,8d
2007 Jan 27  09:38,9d
2007 Jan 28  10:35,10d
2007 Jan 29  11:34,11d
2007 Jan 30  12:33,12d
2007 Jan 31  13:29,13d
2007 Feb 01  14:21,14d
2007 Feb 02  15:09,15d
2007 Feb 03  15:54,16d
2007 Feb 04  16:35,17d
2007 Feb 05  17:15,18d
2007 Feb 06  17:54,19d
2007 Feb 07  18:33,20d
2007 Feb 08  19:14,21d
2007 Feb 09  19:58,22d
2007 Feb 10  20:45,23d
2007 Feb 11  21:36,24d
2007 Feb 12  22:31,25d
2007 Feb 13  23:29,26d
2007 Feb 15  00:28,27d
2007 Feb 16  01:26,28d
2007 Feb 17  02:21,29d
2007 Feb 17  16:14,1d
2007 Feb 18  03:14,2d
2007 Feb 19  04:05,3d
2007 Feb 20  04:55,4d
2007 Feb 21  05:46,5d
2007 Feb 22  06:38,6d
2007 Feb 23  07:33,7d
2007 Feb 24  08:30,8d
2007 Feb 25  09:29,9d
2007 Feb 26  10:28,10d
2007 Feb 27  11:24,11d
2007 Feb 28  12:17,12d
2007 Mar 01  13:06,13d
2007 Mar 02  13:51,14d
2007 Mar 03  14:32,15d
2007 Mar 04  15:12,16d
2007 Mar 05  15:52,17d
2007 Mar 06  16:31,18d
2007 Mar 07  17:11,19d
2007 Mar 08  17:53,20d
2007 Mar 09  18:39,21d
2007 Mar 10  19:28,22d
2007 Mar 11  20:20,23d
2007 Mar 12  21:15,24d
2007 Mar 13  22:12,25d
2007 Mar 14  23:09,26d
2007 Mar 16  00:04,27d
2007 Mar 17  00:58,28d
2007 Mar 18  01:50,29d
2007 Mar 19  02:41,30d
2007 Mar 19  02:43,1d
2007 Mar 20  03:33,2d
2007 Mar 21  04:26,3d
2007 Mar 22  05:22,4d
2007 Mar 23  06:21,5d
2007 Mar 24  07:21,6d
2007 Mar 25  08:21,7d
2007 Mar 26  09:20,8d
2007 Mar 27  10:14,9d
2007 Mar 28  11:04,10d
2007 Mar 29  11:49,11d
2007 Mar 30  12:32,12d
2007 Mar 31  13:12,13d
2007 Apr 01  13:51,14d
2007 Apr 02  14:30,15d
2007 Apr 03  15:10,16d
2007 Apr 04  15:51,17d
2007 Apr 05  16:36,18d
2007 Apr 06  17:23,19d
2007 Apr 07  18:14,20d
2007 Apr 08  19:08,21d
2007 Apr 09  20:03,22d
2007 Apr 10  20:58,23d
2007 Apr 11  21:52,24d
2007 Apr 12  22:44,25d
2007 Apr 13  23:35,26d
2007 Apr 15  00:26,27d
2007 Apr 16  01:16,28d
2007 Apr 17  02:09,29d
2007 Apr 17  11:36,1d
2007 Apr 18  03:04,2d
2007 Apr 19  04:03,3d
2007 Apr 20  05:05,4d
2007 Apr 21  06:08,5d
2007 Apr 22  07:10,6d
2007 Apr 23  08:07,7d
2007 Apr 24  08:59,8d
2007 Apr 25  09:47,9d
2007 Apr 26  10:31,10d
2007 Apr 27  11:12,11d
2007 Apr 28  11:51,12d
2007 Apr 29  12:30,13d
2007 Apr 30  13:09,14d
2007 May 01  13:50,15d
2007 May 02  14:34,16d
2007 May 03  15:20,17d
2007 May 04  16:10,18d
2007 May 05  17:03,19d
2007 May 06  17:58,20d
2007 May 07  18:52,21d
2007 May 08  19:46,22d
2007 May 09  20:37,23d
2007 May 10  21:27,24d
2007 May 11  22:16,25d
2007 May 12  23:04,26d
2007 May 13  23:54,27d
2007 May 15  00:47,28d
2007 May 16  01:44,29d
2007 May 16  19:27,1d
2007 May 17  02:44,2d
2007 May 18  03:48,3d
2007 May 19  04:52,4d
2007 May 20  05:54,5d
2007 May 21  06:50,6d
2007 May 22  07:41,7d
2007 May 23  08:27,8d
2007 May 24  09:09,9d
2007 May 25  09:49,10d
2007 May 26  10:28,11d
2007 May 27  11:07,12d
2007 May 28  11:48,13d
2007 May 29  12:31,14d
2007 May 30  13:17,15d
2007 May 31  14:06,16d
2007 Jun 01  14:58,17d
2007 Jun 02  15:53,18d
2007 Jun 03  16:48,19d
2007 Jun 04  17:42,20d
2007 Jun 05  18:34,21d
2007 Jun 06  19:24,22d
2007 Jun 07  20:12,23d
2007 Jun 08  20:59,24d
2007 Jun 09  21:46,25d
2007 Jun 10  22:36,26d
2007 Jun 11  23:29,27d
2007 Jun 13  00:27,28d
2007 Jun 14  01:29,29d
2007 Jun 15  02:33,30d
2007 Jun 15  03:13,1d
2007 Jun 16  03:36,2d
2007 Jun 17  04:35,3d
2007 Jun 18  05:30,4d
2007 Jun 19  06:19,5d
2007 Jun 20  07:04,6d
2007 Jun 21  07:45,7d
2007 Jun 22  08:25,8d
2007 Jun 23  09:04,9d
2007 Jun 24  09:44,10d
2007 Jun 25  10:26,11d
2007 Jun 26  11:11,12d
2007 Jun 27  11:59,13d
2007 Jun 28  12:51,14d
2007 Jun 29  13:45,15d
2007 Jun 30  14:41,16d
2007 Jul 01  15:37,17d
2007 Jul 02  16:30,18d
2007 Jul 03  17:21,19d
2007 Jul 04  18:10,20d
2007 Jul 05  18:57,21d
2007 Jul 06  19:44,22d
2007 Jul 07  20:32,23d
2007 Jul 08  21:23,24d
2007 Jul 09  22:17,25d
2007 Jul 10  23:15,26d
2007 Jul 12  00:17,27d
2007 Jul 13  01:20,28d
2007 Jul 14  02:21,29d
2007 Jul 14  12:04,1d
2007 Jul 15  03:17,2d
2007 Jul 16  04:09,3d
2007 Jul 17  04:56,4d
2007 Jul 18  05:39,5d
2007 Jul 19  06:20,6d
2007 Jul 20  07:00,7d
2007 Jul 21  07:40,8d
2007 Jul 22  08:21,9d
2007 Jul 23  09:05,10d
2007 Jul 24  09:51,11d
2007 Jul 25  10:41,12d
2007 Jul 26  11:34,13d
2007 Jul 27  12:30,14d
2007 Jul 28  13:26,15d
2007 Jul 29  14:21,16d
2007 Jul 30  15:14,17d
2007 Jul 31  16:05,18d
2007 Aug 01  16:53,19d
2007 Aug 02  17:41,20d
2007 Aug 03  18:30,21d
2007 Aug 04  19:20,22d
2007 Aug 05  20:13,23d
2007 Aug 06  21:09,24d
2007 Aug 07  22:09,25d
2007 Aug 08  23:10,26d
2007 Aug 10  00:10,27d
2007 Aug 11  01:07,28d
2007 Aug 12  02:00,29d
2007 Aug 12  23:03,1d
2007 Aug 13  02:49,2d
2007 Aug 14  03:33,3d
2007 Aug 15  04:15,4d
2007 Aug 16  04:56,5d
2007 Aug 17  05:36,6d
2007 Aug 18  06:16,7d
2007 Aug 19  06:59,8d
2007 Aug 20  07:44,9d
2007 Aug 21  08:32,10d
2007 Aug 22  09:23,11d
2007 Aug 23  10:17,12d
2007 Aug 24  11:12,13d
2007 Aug 25  12:08,14d
2007 Aug 26  13:02,15d
2007 Aug 27  13:54,16d
2007 Aug 28  14:45,17d
2007 Aug 29  15:34,18d
2007 Aug 30  16:23,19d
2007 Aug 31  17:14,20d
2007 Sep 01  18:07,21d
2007 Sep 02  19:04,22d
2007 Sep 03  20:03,23d
2007 Sep 04  21:04,24d
2007 Sep 05  22:04,25d
2007 Sep 06  23:02,26d
2007 Sep 07  23:55,27d
2007 Sep 09  00:44,28d
2007 Sep 10  01:30,29d
2007 Sep 11  02:12,30d
2007 Sep 11  12:44,1d
2007 Sep 12  02:53,2d
2007 Sep 13  03:33,3d
2007 Sep 14  04:13,4d
2007 Sep 15  04:55,5d
2007 Sep 16  05:38,6d
2007 Sep 17  06:25,7d
2007 Sep 18  07:14,8d
2007 Sep 19  08:06,9d
2007 Sep 20  09:00,10d
2007 Sep 21  09:54,11d
2007 Sep 22  10:48,12d
2007 Sep 23  11:40,13d
2007 Sep 24  12:31,14d
2007 Sep 25  13:21,15d
2007 Sep 26  14:11,16d
2007 Sep 27  15:02,17d
2007 Sep 28  15:56,18d
2007 Sep 29  16:53,19d
2007 Sep 30  17:54,20d
2007 Oct 01  18:56,21d
2007 Oct 02  19:58,22d
2007 Oct 03  20:57,23d
2007 Oct 04  21:52,24d
2007 Oct 05  22:42,25d
2007 Oct 06  23:28,26d
2007 Oct 08  00:11,27d
2007 Oct 09  00:52,28d
2007 Oct 10  01:31,29d
2007 Oct 11  02:11,30d
2007 Oct 11  05:01,1d
2007 Oct 12  02:52,2d
2007 Oct 13  03:35,3d
2007 Oct 14  04:21,4d
2007 Oct 15  05:09,5d
2007 Oct 16  06:00,6d
2007 Oct 17  06:52,7d
2007 Oct 18  07:45,8d
2007 Oct 19  08:38,9d
2007 Oct 20  09:29,10d
2007 Oct 21  10:18,11d
2007 Oct 22  11:07,12d
2007 Oct 23  11:56,13d
2007 Oct 24  12:46,14d
2007 Oct 25  13:39,15d
2007 Oct 26  14:35,16d
2007 Oct 27  15:36,17d
2007 Oct 28  16:40,18d
2007 Oct 29  17:45,19d
2007 Oct 30  18:48,20d
2007 Oct 31  19:46,21d
2007 Nov 01  20:39,22d
2007 Nov 02  21:26,23d
2007 Nov 03  22:10,24d
2007 Nov 04  22:51,25d
2007 Nov 05  23:31,26d
2007 Nov 07  00:11,27d
2007 Nov 08  00:51,28d
2007 Nov 09  01:34,29d
2007 Nov 09  23:03,1d
2007 Nov 10  02:18,2d
2007 Nov 11  03:06,3d
2007 Nov 12  03:56,4d
2007 Nov 13  04:48,5d
2007 Nov 14  05:40,6d
2007 Nov 15  06:32,7d
2007 Nov 16  07:23,8d
2007 Nov 17  08:11,9d
2007 Nov 18  08:59,10d
2007 Nov 19  09:45,11d
2007 Nov 20  10:33,12d
2007 Nov 21  11:23,13d
2007 Nov 22  12:16,14d
2007 Nov 23  13:14,15d
2007 Nov 24  14:17,16d
2007 Nov 25  15:23,17d
2007 Nov 26  16:29,18d
2007 Nov 27  17:32,19d
2007 Nov 28  18:29,20d
2007 Nov 29  19:20,21d
2007 Nov 30  20:07,22d
2007 Dec 01  20:49,23d
2007 Dec 02  21:30,24d
2007 Dec 03  22:10,25d
2007 Dec 04  22:50,26d
2007 Dec 05  23:32,27d
2007 Dec 07  00:15,28d
2007 Dec 08  01:02,29d
2007 Dec 09  01:52,30d
2007 Dec 09  17:40,1d
2007 Dec 10  02:43,2d
2007 Dec 11  03:36,3d
2007 Dec 12  04:29,4d
2007 Dec 13  05:20,5d
2007 Dec 14  06:09,6d
2007 Dec 15  06:56,7d
2007 Dec 16  07:41,8d
2007 Dec 17  08:27,9d
2007 Dec 18  09:14,10d
2007 Dec 19  10:03,11d
2007 Dec 20  10:57,12d
2007 Dec 21  11:56,13d
2007 Dec 22  12:59,14d
2007 Dec 23  14:05,15d
2007 Dec 24  15:10,16d
2007 Dec 25  16:12,17d
2007 Dec 26  17:07,18d
2007 Dec 27  17:57,19d
2007 Dec 28  18:43,20d
2007 Dec 29  19:26,21d
2007 Dec 30  20:06,22d
2007 Dec 31  20:47,23d
2008 Jan 01  21:28,24d
2008 Jan 02  22:11,25d
2008 Jan 03  22:57,26d
2008 Jan 04  23:45,27d
2008 Jan 06  00:37,28d
2008 Jan 07  01:30,29d
2008 Jan 08  02:23,30d
2008 Jan 08  11:37,1d
2008 Jan 09  03:15,2d
2008 Jan 10  04:06,3d
2008 Jan 11  04:54,4d
2008 Jan 12  05:40,5d
2008 Jan 13  06:26,6d
2008 Jan 14  07:11,7d
2008 Jan 15  07:59,8d
2008 Jan 16  08:49,9d
2008 Jan 17  09:44,10d
2008 Jan 18  10:43,11d
2008 Jan 19  11:47,12d
2008 Jan 20  12:51,13d
2008 Jan 21  13:53,14d
2008 Jan 22  14:51,15d
2008 Jan 23  15:44,16d
2008 Jan 24  16:33,17d
2008 Jan 25  17:17,18d
2008 Jan 26  18:00,19d
2008 Jan 27  18:41,20d
2008 Jan 28  19:23,21d
2008 Jan 29  20:05,22d
2008 Jan 30  20:50,23d
2008 Jan 31  21:38,24d
2008 Feb 01  22:28,25d
2008 Feb 02  23:20,26d
2008 Feb 04  00:13,27d
2008 Feb 05  01:06,28d
2008 Feb 06  01:58,29d
2008 Feb 07  02:48,30d
2008 Feb 07  03:44,1d
2008 Feb 08  03:36,2d
2008 Feb 09  04:23,3d
2008 Feb 10  05:09,4d
2008 Feb 11  05:57,5d
2008 Feb 12  06:47,6d
2008 Feb 13  07:40,7d
2008 Feb 14  08:37,8d
2008 Feb 15  09:37,9d
2008 Feb 16  10:40,10d
2008 Feb 17  11:41,11d
2008 Feb 18  12:39,12d
2008 Feb 19  13:33,13d
2008 Feb 20  14:23,14d
2008 Feb 21  15:09,15d
2008 Feb 22  15:52,16d
2008 Feb 23  16:35,17d
2008 Feb 24  17:16,18d
2008 Feb 25  17:59,19d
2008 Feb 26  18:43,20d
2008 Feb 27  19:30,21d
2008 Feb 28  20:18,22d
2008 Feb 29  21:09,23d
2008 Mar 01  22:02,24d
2008 Mar 02  22:55,25d
2008 Mar 03  23:47,26d
2008 Mar 05  00:37,27d
2008 Mar 06  01:26,28d
2008 Mar 07  02:14,29d
2008 Mar 07  17:14,1d
2008 Mar 08  03:02,2d
2008 Mar 09  03:50,3d
2008 Mar 10  04:40,4d
2008 Mar 11  05:34,5d
2008 Mar 12  06:31,6d
2008 Mar 13  07:32,7d
2008 Mar 14  08:34,8d
2008 Mar 15  09:35,9d
2008 Mar 16  10:34,10d
2008 Mar 17  11:28,11d
2008 Mar 18  12:18,12d
2008 Mar 19  13:04,13d
2008 Mar 20  13:48,14d
2008 Mar 21  14:30,15d
2008 Mar 22  15:11,16d
2008 Mar 23  15:54,17d
2008 Mar 24  16:37,18d
2008 Mar 25  17:23,19d
2008 Mar 26  18:11,20d
2008 Mar 27  19:01,21d
2008 Mar 28  19:52,22d
2008 Mar 29  20:44,23d
2008 Mar 30  21:36,24d
2008 Mar 31  22:26,25d
2008 Apr 01  23:14,26d
2008 Apr 03  00:02,27d
2008 Apr 04  00:50,28d
2008 Apr 05  01:38,29d
2008 Apr 06  02:28,30d
2008 Apr 06  03:55,1d
2008 Apr 07  03:22,2d
2008 Apr 08  04:19,3d
2008 Apr 09  05:21,4d
2008 Apr 10  06:24,5d
2008 Apr 11  07:28,6d
2008 Apr 12  08:29,7d
2008 Apr 13  09:25,8d
2008 Apr 14  10:16,9d
2008 Apr 15  11:02,10d
2008 Apr 16  11:46,11d
2008 Apr 17  12:28,12d
2008 Apr 18  13:09,13d
2008 Apr 19  13:51,14d
2008 Apr 20  14:34,15d
2008 Apr 21  15:19,16d
2008 Apr 22  16:06,17d
2008 Apr 23  16:55,18d
2008 Apr 24  17:46,19d
2008 Apr 25  18:37,20d
2008 Apr 26  19:28,21d
2008 Apr 27  20:18,22d
2008 Apr 28  21:06,23d
2008 Apr 29  21:52,24d
2008 Apr 30  22:38,25d
2008 May 01  23:25,26d
2008 May 03  00:13,27d
2008 May 04  01:05,28d
2008 May 05  02:01,29d
2008 May 05  12:18,1d
2008 May 06  03:02,2d
2008 May 07  04:07,3d
2008 May 08  05:13,4d
2008 May 09  06:18,5d
2008 May 10  07:17,6d
2008 May 11  08:11,7d
2008 May 12  09:00,8d
2008 May 13  09:45,9d
2008 May 14  10:28,10d
2008 May 15  11:09,11d
2008 May 16  11:50,12d
2008 May 17  12:32,13d
2008 May 18  13:16,14d
2008 May 19  14:02,15d
2008 May 20  14:51,16d
2008 May 21  15:42,17d
2008 May 22  16:33,18d
2008 May 23  17:24,19d
2008 May 24  18:13,20d
2008 May 25  19:01,21d
2008 May 26  19:47,22d
2008 May 27  20:32,23d
2008 May 28  21:17,24d
2008 May 29  22:03,25d
2008 May 30  22:51,26d
2008 May 31  23:44,27d
2008 Jun 02  00:41,28d
2008 Jun 03  01:44,29d
2008 Jun 03  19:23,1d
2008 Jun 04  02:51,2d
2008 Jun 05  03:58,3d
2008 Jun 06  05:02,4d
2008 Jun 07  06:01,5d
2008 Jun 08  06:53,6d
2008 Jun 09  07:41,7d
2008 Jun 10  08:25,8d
2008 Jun 11  09:07,9d
2008 Jun 12  09:49,10d
2008 Jun 13  10:31,11d
2008 Jun 14  11:14,12d
2008 Jun 15  12:00,13d
2008 Jun 16  12:48,14d
2008 Jun 17  13:38,15d
2008 Jun 18  14:29,16d
2008 Jun 19  15:20,17d
2008 Jun 20  16:11,18d
2008 Jun 21  16:59,19d
2008 Jun 22  17:45,20d
2008 Jun 23  18:30,21d
2008 Jun 24  19:14,22d
2008 Jun 25  19:58,23d
2008 Jun 26  20:44,24d
2008 Jun 27  21:33,25d
2008 Jun 28  22:26,26d
2008 Jun 29  23:25,27d
2008 Jul 01  00:29,28d
2008 Jul 02  01:35,29d
2008 Jul 03  02:19,1d
2008 Jul 03  02:41,2d
2008 Jul 04  03:44,3d
2008 Jul 05  04:40,4d
2008 Jul 06  05:32,5d
2008 Jul 07  06:19,6d
2008 Jul 08  07:03,7d
2008 Jul 09  07:45,8d
2008 Jul 10  08:28,9d
2008 Jul 11  09:11,10d
2008 Jul 12  09:56,11d
2008 Jul 13  10:43,12d
2008 Jul 14  11:32,13d
2008 Jul 15  12:24,14d
2008 Jul 16  13:15,15d
2008 Jul 17  14:06,16d
2008 Jul 18  14:56,17d
2008 Jul 19  15:43,18d
2008 Jul 20  16:29,19d
2008 Jul 21  17:13,20d
2008 Jul 22  17:57,21d
2008 Jul 23  18:42,22d
2008 Jul 24  19:29,23d
2008 Jul 25  20:19,24d
2008 Jul 26  21:14,25d
2008 Jul 27  22:14,26d
2008 Jul 28  23:18,27d
2008 Jul 30  00:23,28d
2008 Jul 31  01:26,29d
2008 Aug 01  02:25,30d
2008 Aug 01  10:13,1d
2008 Aug 02  03:19,2d
2008 Aug 03  04:08,3d
2008 Aug 04  04:54,4d
2008 Aug 05  05:38,5d
2008 Aug 06  06:22,6d
2008 Aug 07  07:05,7d
2008 Aug 08  07:50,8d
2008 Aug 09  08:37,9d
2008 Aug 10  09:26,10d
2008 Aug 11  10:16,11d
2008 Aug 12  11:08,12d
2008 Aug 13  11:59,13d
2008 Aug 14  12:50,14d
2008 Aug 15  13:38,15d
2008 Aug 16  14:25,16d
2008 Aug 17  15:10,17d
2008 Aug 18  15:55,18d
2008 Aug 19  16:40,19d
2008 Aug 20  17:27,20d
2008 Aug 21  18:17,21d
2008 Aug 22  19:10,22d
2008 Aug 23  20:07,23d
2008 Aug 24  21:08,24d
2008 Aug 25  22:11,25d
2008 Aug 26  23:13,26d
2008 Aug 28  00:12,27d
2008 Aug 29  01:07,28d
2008 Aug 30  01:58,29d
2008 Aug 30  19:58,1d
2008 Aug 31  02:45,2d
2008 Sep 01  03:30,3d
2008 Sep 02  04:14,4d
2008 Sep 03  04:58,5d
2008 Sep 04  05:43,6d
2008 Sep 05  06:30,7d
2008 Sep 06  07:18,8d
2008 Sep 07  08:08,9d
2008 Sep 08  08:59,10d
2008 Sep 09  09:50,11d
2008 Sep 10  10:41,12d
2008 Sep 11  11:30,13d
2008 Sep 12  12:17,14d
2008 Sep 13  13:04,15d
2008 Sep 14  13:49,16d
2008 Sep 15  14:35,17d
2008 Sep 16  15:22,18d
2008 Sep 17  16:12,19d
2008 Sep 18  17:05,20d
2008 Sep 19  18:02,21d
2008 Sep 20  19:02,22d
2008 Sep 21  20:05,23d
2008 Sep 22  21:07,24d
2008 Sep 23  22:06,25d
2008 Sep 24  23:01,26d
2008 Sep 25  23:51,27d
2008 Sep 27  00:39,28d
2008 Sep 28  01:24,29d
2008 Sep 29  02:08,30d
2008 Sep 29  08:12,1d
2008 Sep 30  02:52,2d
2008 Oct 01  03:36,3d
2008 Oct 02  04:22,4d
2008 Oct 03  05:10,5d
2008 Oct 04  06:00,6d
2008 Oct 05  06:50,7d
2008 Oct 06  07:41,8d
2008 Oct 07  08:32,9d
2008 Oct 08  09:21,10d
2008 Oct 09  10:08,11d
2008 Oct 10  10:54,12d
2008 Oct 11  11:40,13d
2008 Oct 12  12:25,14d
2008 Oct 13  13:12,15d
2008 Oct 14  14:01,16d
2008 Oct 15  14:54,17d
2008 Oct 16  15:51,18d
2008 Oct 17  16:53,19d
2008 Oct 18  17:56,20d
2008 Oct 19  19:00,21d
2008 Oct 20  20:01,22d
2008 Oct 21  20:57,23d
2008 Oct 22  21:49,24d
2008 Oct 23  22:36,25d
2008 Oct 24  23:21,26d
2008 Oct 26  00:05,27d
2008 Oct 27  00:48,28d
2008 Oct 28  01:32,29d
2008 Oct 28  23:14,1d
2008 Oct 29  02:17,2d
2008 Oct 30  03:04,3d
2008 Oct 31  03:53,4d
2008 Nov 01  04:43,5d
2008 Nov 02  05:34,6d
2008 Nov 03  06:25,7d
2008 Nov 04  07:14,8d
2008 Nov 05  08:01,9d
2008 Nov 06  08:46,10d
2008 Nov 07  09:31,11d
2008 Nov 08  10:15,12d
2008 Nov 09  11:00,13d
2008 Nov 10  11:47,14d
2008 Nov 11  12:38,15d
2008 Nov 12  13:33,16d
2008 Nov 13  14:34,17d
2008 Nov 14  15:39,18d
2008 Nov 15  16:46,19d
2008 Nov 16  17:50,20d
2008 Nov 17  18:50,21d
2008 Nov 18  19:45,22d
2008 Nov 19  20:34,23d
2008 Nov 20  21:20,24d
2008 Nov 21  22:04,25d
2008 Nov 22  22:47,26d
2008 Nov 23  23:30,27d
2008 Nov 25  00:14,28d
2008 Nov 26  01:00,29d
2008 Nov 27  01:48,30d
2008 Nov 27  16:55,1d
2008 Nov 28  02:38,2d
2008 Nov 29  03:29,3d
2008 Nov 30  04:20,4d
2008 Dec 01  05:09,5d
2008 Dec 02  05:56,6d
2008 Dec 03  06:42,7d
2008 Dec 04  07:26,8d
2008 Dec 05  08:08,9d
2008 Dec 06  08:51,10d
2008 Dec 07  09:36,11d
2008 Dec 08  10:23,12d
2008 Dec 09  11:15,13d
2008 Dec 10  12:12,14d
2008 Dec 11  13:15,15d
2008 Dec 12  14:22,16d
2008 Dec 13  15:29,17d
2008 Dec 14  16:34,18d
2008 Dec 15  17:33,19d
2008 Dec 16  18:27,20d
2008 Dec 17  19:16,21d
2008 Dec 18  20:01,22d
2008 Dec 19  20:45,23d
2008 Dec 20  21:28,24d
2008 Dec 21  22:12,25d
2008 Dec 22  22:58,26d
2008 Dec 23  23:45,27d
2008 Dec 25  00:34,28d
2008 Dec 26  01:25,29d
2008 Dec 27  02:16,30d
2008 Dec 27  12:23,1d
2008 Dec 28  03:05,2d
2008 Dec 29  03:54,3d
2008 Dec 30  04:40,4d
2008 Dec 31  05:24,5d
2009 Jan 01  06:07,6d
2009 Jan 02  06:49,7d
2009 Jan 03  07:31,8d
2009 Jan 04  08:16,9d
2009 Jan 05  09:04,10d
2009 Jan 06  09:56,11d
2009 Jan 07  10:54,12d
2009 Jan 08  11:57,13d
2009 Jan 09  13:04,14d
2009 Jan 10  14:10,15d
2009 Jan 11  15:13,16d
2009 Jan 12  16:11,17d
2009 Jan 13  17:04,18d
2009 Jan 14  17:53,19d
2009 Jan 15  18:39,20d
2009 Jan 16  19:24,21d
2009 Jan 17  20:09,22d
2009 Jan 18  20:54,23d
2009 Jan 19  21:41,24d
2009 Jan 20  22:30,25d
2009 Jan 21  23:20,26d
2009 Jan 23  00:11,27d
2009 Jan 24  01:01,28d
2009 Jan 25  01:50,29d
2009 Jan 26  02:37,30d
2009 Jan 26  07:55,1d
2009 Jan 27  03:22,2d
2009 Jan 28  04:06,3d
2009 Jan 29  04:48,4d
2009 Jan 30  05:31,5d
2009 Jan 31  06:14,6d
2009 Feb 01  07:00,7d
2009 Feb 02  07:49,8d
2009 Feb 03  08:43,9d
2009 Feb 04  09:42,10d
2009 Feb 05  10:45,11d
2009 Feb 06  11:49,12d
2009 Feb 07  12:52,13d
2009 Feb 08  13:52,14d
2009 Feb 09  14:48,15d
2009 Feb 10  15:39,16d
2009 Feb 11  16:27,17d
2009 Feb 12  17:14,18d
2009 Feb 13  18:00,19d
2009 Feb 14  18:47,20d
2009 Feb 15  19:34,21d
2009 Feb 16  20:23,22d
2009 Feb 17  21:13,23d
2009 Feb 18  22:04,24d
2009 Feb 19  22:55,25d
2009 Feb 20  23:44,26d
2009 Feb 22  00:32,27d
2009 Feb 23  01:18,28d
2009 Feb 24  02:03,29d
2009 Feb 25  01:35,1d
2009 Feb 25  02:46,2d
2009 Feb 26  03:29,3d
2009 Feb 27  04:13,4d
2009 Feb 28  04:58,5d
2009 Mar 01  05:47,6d
2009 Mar 02  06:39,7d
2009 Mar 03  07:36,8d
2009 Mar 04  08:36,9d
2009 Mar 05  09:38,10d
2009 Mar 06  10:40,11d
2009 Mar 07  11:39,12d
2009 Mar 08  12:34,13d
2009 Mar 09  13:26,14d
2009 Mar 10  14:15,15d
2009 Mar 11  15:03,16d
2009 Mar 12  15:50,17d
2009 Mar 13  16:37,18d
2009 Mar 14  17:25,19d
2009 Mar 15  18:14,20d
2009 Mar 16  19:05,21d
2009 Mar 17  19:56,22d
2009 Mar 18  20:47,23d
2009 Mar 19  21:37,24d
2009 Mar 20  22:25,25d
2009 Mar 21  23:12,26d
2009 Mar 22  23:57,27d
2009 Mar 24  00:40,28d
2009 Mar 25  01:24,29d
2009 Mar 26  02:08,30d
2009 Mar 26  16:06,1d
2009 Mar 27  02:53,2d
2009 Mar 28  03:42,3d
2009 Mar 29  04:34,4d
2009 Mar 30  05:30,5d
2009 Mar 31  06:30,6d
2009 Apr 01  07:32,7d
2009 Apr 02  08:34,8d
2009 Apr 03  09:32,9d
2009 Apr 04  10:28,10d
2009 Apr 05  11:19,11d
2009 Apr 06  12:08,12d
2009 Apr 07  12:55,13d
2009 Apr 08  13:41,14d
2009 Apr 09  14:28,15d
2009 Apr 10  15:15,16d
2009 Apr 11  16:04,17d
2009 Apr 12  16:55,18d
2009 Apr 13  17:46,19d
2009 Apr 14  18:38,20d
2009 Apr 15  19:29,21d
2009 Apr 16  20:18,22d
2009 Apr 17  21:04,23d
2009 Apr 18  21:49,24d
2009 Apr 19  22:33,25d
2009 Apr 20  23:16,26d
2009 Apr 21  23:59,27d
2009 Apr 23  00:44,28d
2009 Apr 24  01:32,29d
2009 Apr 25  02:24,30d
2009 Apr 25  03:23,1d
2009 Apr 26  03:20,2d
2009 Apr 27  04:20,3d
2009 Apr 28  05:23,4d
2009 Apr 29  06:26,5d
2009 Apr 30  07:27,6d
2009 May 01  08:24,7d
2009 May 02  09:17,8d
2009 May 03  10:06,9d
2009 May 04  10:52,10d
2009 May 05  11:37,11d
2009 May 06  12:23,12d
2009 May 07  13:09,13d
2009 May 08  13:57,14d
2009 May 09  14:47,15d
2009 May 10  15:38,16d
2009 May 11  16:30,17d
2009 May 12  17:21,18d
2009 May 13  18:11,19d
2009 May 14  18:58,20d
2009 May 15  19:44,21d
2009 May 16  20:27,22d
2009 May 17  21:09,23d
2009 May 18  21:52,24d
2009 May 19  22:35,25d
2009 May 20  23:21,26d
2009 May 22  00:10,27d
2009 May 23  01:04,28d
2009 May 24  02:03,29d
2009 May 24  12:11,1d
2009 May 25  03:06,2d
2009 May 26  04:12,3d
2009 May 27  05:16,4d
2009 May 28  06:16,5d
2009 May 29  07:12,6d
2009 May 30  08:03,7d
2009 May 31  08:51,8d
2009 Jun 01  09:36,9d
2009 Jun 02  10:21,10d
2009 Jun 03  11:07,11d
2009 Jun 04  11:53,12d
2009 Jun 05  12:42,13d
2009 Jun 06  13:32,14d
2009 Jun 07  14:24,15d
2009 Jun 08  15:15,16d
2009 Jun 09  16:05,17d
2009 Jun 10  16:54,18d
2009 Jun 11  17:40,19d
2009 Jun 12  18:23,20d
2009 Jun 13  19:06,21d
2009 Jun 14  19:47,22d
2009 Jun 15  20:29,23d
2009 Jun 16  21:12,24d
2009 Jun 17  21:58,25d
2009 Jun 18  22:49,26d
2009 Jun 19  23:44,27d
2009 Jun 21  00:45,28d
2009 Jun 22  01:50,29d
2009 Jun 22  19:35,1d
2009 Jun 23  02:57,2d
2009 Jun 24  04:01,3d
2009 Jun 25  05:00,4d
2009 Jun 26  05:55,5d
2009 Jun 27  06:45,6d
2009 Jun 28  07:33,7d
2009 Jun 29  08:19,8d
2009 Jun 30  09:05,9d
2009 Jul 01  09:51,10d
2009 Jul 02  10:39,11d
2009 Jul 03  11:29,12d
2009 Jul 04  12:20,13d
2009 Jul 05  13:11,14d
2009 Jul 06  14:01,15d
2009 Jul 07  14:50,16d
2009 Jul 08  15:37,17d
2009 Jul 09  16:22,18d
2009 Jul 10  17:04,19d
2009 Jul 11  17:46,20d
2009 Jul 12  18:27,21d
2009 Jul 13  19:08,22d
2009 Jul 14  19:52,23d
2009 Jul 15  20:39,24d
2009 Jul 16  21:31,25d
2009 Jul 17  22:28,26d
2009 Jul 18  23:29,27d
2009 Jul 20  00:34,28d
2009 Jul 21  01:39,29d
2009 Jul 22  02:35,1d
2009 Jul 22  02:42,2d
2009 Jul 23  03:40,3d
2009 Jul 24  04:34,4d
2009 Jul 25  05:24,5d
2009 Jul 26  06:13,6d
2009 Jul 27  07:00,7d
2009 Jul 28  07:47,8d
2009 Jul 29  08:36,9d
2009 Jul 30  09:25,10d
2009 Jul 31  10:16,11d
2009 Aug 01  11:07,12d
2009 Aug 02  11:58,13d
2009 Aug 03  12:47,14d
2009 Aug 04  13:35,15d
2009 Aug 05  14:20,16d
2009 Aug 06  15:03,17d
2009 Aug 07  15:45,18d
2009 Aug 08  16:26,19d
2009 Aug 09  17:08,20d
2009 Aug 10  17:51,21d
2009 Aug 11  18:36,22d
2009 Aug 12  19:25,23d
2009 Aug 13  20:18,24d
2009 Aug 14  21:16,25d
2009 Aug 15  22:17,26d
2009 Aug 16  23:20,27d
2009 Aug 18  00:23,28d
2009 Aug 19  01:22,29d
2009 Aug 20  02:18,30d
2009 Aug 20  10:01,1d
2009 Aug 21  03:11,2d
2009 Aug 22  04:01,3d
2009 Aug 23  04:50,4d
2009 Aug 24  05:39,5d
2009 Aug 25  06:28,6d
2009 Aug 26  07:18,7d
2009 Aug 27  08:09,8d
2009 Aug 28  09:01,9d
2009 Aug 29  09:53,10d
2009 Aug 30  10:43,11d
2009 Aug 31  11:31,12d
2009 Sep 01  12:17,13d
2009 Sep 02  13:01,14d
2009 Sep 03  13:43,15d
2009 Sep 04  14:25,16d
2009 Sep 05  15:07,17d
2009 Sep 06  15:50,18d
2009 Sep 07  16:35,19d
2009 Sep 08  17:22,20d
2009 Sep 09  18:14,21d
2009 Sep 10  19:09,22d
2009 Sep 11  20:08,23d
2009 Sep 12  21:09,24d
2009 Sep 13  22:10,25d
2009 Sep 14  23:08,26d
2009 Sep 16  00:04,27d
2009 Sep 17  00:57,28d
2009 Sep 18  01:48,29d
2009 Sep 18  18:44,1d
2009 Sep 19  02:37,2d
2009 Sep 20  03:27,3d
2009 Sep 21  04:17,4d
2009 Sep 22  05:08,5d
2009 Sep 23  06:00,6d
2009 Sep 24  06:52,7d
2009 Sep 25  07:45,8d
2009 Sep 26  08:36,9d
2009 Sep 27  09:25,10d
2009 Sep 28  10:12,11d
2009 Sep 29  10:56,12d
2009 Sep 30  11:39,13d
2009 Oct 01  12:21,14d
2009 Oct 02  13:03,15d
2009 Oct 03  13:46,16d
2009 Oct 04  14:31,17d
2009 Oct 05  15:19,18d
2009 Oct 06  16:10,19d
2009 Oct 07  17:05,20d
2009 Oct 08  18:03,21d
2009 Oct 09  19:03,22d
2009 Oct 10  20:03,23d
2009 Oct 11  21:02,24d
2009 Oct 12  21:57,25d
2009 Oct 13  22:49,26d
2009 Oct 14  23:39,27d
2009 Oct 16  00:28,28d
2009 Oct 17  01:16,29d
2009 Oct 18  02:05,30d
2009 Oct 18  05:33,1d
2009 Oct 19  02:56,2d
2009 Oct 20  03:48,3d
2009 Oct 21  04:41,4d
2009 Oct 22  05:34,5d
2009 Oct 23  06:27,6d
2009 Oct 24  07:17,7d
2009 Oct 25  08:05,8d
2009 Oct 26  08:50,9d
2009 Oct 27  09:34,10d
2009 Oct 28  10:16,11d
2009 Oct 29  10:57,12d
2009 Oct 30  11:40,13d
2009 Oct 31  12:23,14d
2009 Nov 01  13:10,15d
2009 Nov 02  14:01,16d
2009 Nov 03  14:56,17d
2009 Nov 04  15:54,18d
2009 Nov 05  16:56,19d
2009 Nov 06  17:57,20d
2009 Nov 07  18:57,21d
2009 Nov 08  19:53,22d
2009 Nov 09  20:46,23d
2009 Nov 10  21:35,24d
2009 Nov 11  22:23,25d
2009 Nov 12  23:10,26d
2009 Nov 13  23:58,27d
2009 Nov 15  00:47,28d
2009 Nov 16  01:38,29d
2009 Nov 16  19:14,1d
2009 Nov 17  02:30,2d
2009 Nov 18  03:23,3d
2009 Nov 19  04:17,4d
2009 Nov 20  05:08,5d
2009 Nov 21  05:57,6d
2009 Nov 22  06:44,7d
2009 Nov 23  07:28,8d
2009 Nov 24  08:10,9d
2009 Nov 25  08:51,10d
2009 Nov 26  09:32,11d
2009 Nov 27  10:14,12d
2009 Nov 28  10:59,13d
2009 Nov 29  11:48,14d
2009 Nov 30  12:40,15d
2009 Dec 01  13:38,16d
2009 Dec 02  14:40,17d
2009 Dec 03  15:44,18d
2009 Dec 04  16:46,19d
2009 Dec 05  17:46,20d
2009 Dec 06  18:41,21d
2009 Dec 07  19:33,22d
2009 Dec 08  20:21,23d
2009 Dec 09  21:08,24d
2009 Dec 10  21:55,25d
2009 Dec 11  22:43,26d
2009 Dec 12  23:32,27d
2009 Dec 14  00:23,28d
2009 Dec 15  01:16,29d
2009 Dec 16  02:09,30d
2009 Dec 16  12:02,1d
2009 Dec 17  03:01,2d
2009 Dec 18  03:51,3d
2009 Dec 19  04:38,4d
2009 Dec 20  05:23,5d
2009 Dec 21  06:06,6d
2009 Dec 22  06:47,7d
2009 Dec 23  07:27,8d
2009 Dec 24  08:08,9d
2009 Dec 25  08:51,10d
2009 Dec 26  09:36,11d
2009 Dec 27  10:25,12d
2009 Dec 28  11:19,13d
2009 Dec 29  12:19,14d
2009 Dec 30  13:22,15d
2009 Dec 31  14:26,16d
2010 Jan 01  15:29,17d
2010 Jan 02  16:29,18d
2010 Jan 03  17:24,19d
2010 Jan 04  18:16,20d
2010 Jan 05  19:05,21d
2010 Jan 06  19:53,22d
2010 Jan 07  20:41,23d
2010 Jan 08  21:30,24d
2010 Jan 09  22:20,25d
2010 Jan 10  23:12,26d
2010 Jan 12  00:04,27d
2010 Jan 13  00:56,28d
2010 Jan 14  01:46,29d
2010 Jan 15  02:35,30d
2010 Jan 15  07:11,1d
2010 Jan 16  03:20,2d
2010 Jan 17  04:04,3d
2010 Jan 18  04:45,4d
2010 Jan 19  05:26,5d
2010 Jan 20  06:06,6d
2010 Jan 21  06:47,7d
2010 Jan 22  07:30,8d
2010 Jan 23  08:16,9d
2010 Jan 24  09:06,10d
2010 Jan 25  10:01,11d
2010 Jan 26  11:00,12d
2010 Jan 27  12:03,13d
2010 Jan 28  13:06,14d
2010 Jan 29  14:08,15d
2010 Jan 30  15:06,16d
2010 Jan 31  16:02,17d
2010 Feb 01  16:54,18d
2010 Feb 02  17:44,19d
2010 Feb 03  18:34,20d
2010 Feb 04  19:25,21d
2010 Feb 05  20:16,22d
2010 Feb 06  21:08,23d
2010 Feb 07  22:00,24d
2010 Feb 08  22:52,25d
2010 Feb 09  23:43,26d
2010 Feb 11  00:32,27d
2010 Feb 12  01:18,28d
2010 Feb 13  02:02,29d
2010 Feb 14  02:44,30d
2010 Feb 14  02:51,1d
2010 Feb 15  03:25,2d
2010 Feb 16  04:05,3d
2010 Feb 17  04:46,4d
2010 Feb 18  05:28,5d
2010 Feb 19  06:13,6d
2010 Feb 20  07:01,7d
2010 Feb 21  07:52,8d
2010 Feb 22  08:48,9d
2010 Feb 23  09:47,10d
2010 Feb 24  10:47,11d
2010 Feb 25  11:48,12d
2010 Feb 26  12:47,13d
2010 Feb 27  13:43,14d
2010 Feb 28  14:37,15d
2010 Mar 01  15:29,16d
2010 Mar 02  16:21,17d
2010 Mar 03  17:13,18d
2010 Mar 04  18:06,19d
2010 Mar 05  18:59,20d
2010 Mar 06  19:53,21d
2010 Mar 07  20:46,22d
2010 Mar 08  21:38,23d
2010 Mar 09  22:28,24d
2010 Mar 10  23:15,25d
2010 Mar 12  00:00,26d
2010 Mar 13  00:43,27d
2010 Mar 14  01:24,28d
2010 Mar 15  02:05,29d
2010 Mar 15  21:01,1d
2010 Mar 16  02:46,2d
2010 Mar 17  03:28,3d
2010 Mar 18  04:12,4d
2010 Mar 19  04:59,5d
2010 Mar 20  05:49,6d
2010 Mar 21  06:43,7d
2010 Mar 22  07:39,8d
2010 Mar 23  08:38,9d
2010 Mar 24  09:36,10d
2010 Mar 25  10:34,11d
2010 Mar 26  11:29,12d
2010 Mar 27  12:22,13d
2010 Mar 28  13:14,14d
2010 Mar 29  14:06,15d
2010 Mar 30  14:58,16d
2010 Mar 31  15:51,17d
2010 Apr 01  16:45,18d
2010 Apr 02  17:40,19d
2010 Apr 03  18:35,20d
2010 Apr 04  19:29,21d
2010 Apr 05  20:21,22d
2010 Apr 06  21:10,23d
2010 Apr 07  21:56,24d
2010 Apr 08  22:39,25d
2010 Apr 09  23:21,26d
2010 Apr 11  00:02,27d
2010 Apr 12  00:43,28d
2010 Apr 13  01:25,29d
2010 Apr 14  02:08,30d
2010 Apr 14  12:29,1d
2010 Apr 15  02:55,2d
2010 Apr 16  03:45,3d
2010 Apr 17  04:38,4d
2010 Apr 18  05:35,5d
2010 Apr 19  06:33,6d
2010 Apr 20  07:31,7d
2010 Apr 21  08:28,8d
2010 Apr 22  09:22,9d
2010 Apr 23  10:14,10d
2010 Apr 24  11:05,11d
2010 Apr 25  11:55,12d
2010 Apr 26  12:45,13d
2010 Apr 27  13:37,14d
2010 Apr 28  14:30,15d
2010 Apr 29  15:26,16d
2010 Apr 30  16:22,17d
2010 May 01  17:17,18d
2010 May 02  18:11,19d
2010 May 03  19:02,20d
2010 May 04  19:49,21d
2010 May 05  20:34,22d
2010 May 06  21:16,23d
2010 May 07  21:57,24d
2010 May 08  22:38,25d
2010 May 09  23:19,26d
2010 May 11  00:02,27d
2010 May 12  00:48,28d
2010 May 13  01:37,29d
2010 May 14  01:04,1d
2010 May 14  02:30,2d
2010 May 15  03:27,3d
2010 May 16  04:26,4d
2010 May 17  05:25,5d
2010 May 18  06:23,6d
2010 May 19  07:19,7d
2010 May 20  08:11,8d
2010 May 21  09:02,9d
2010 May 22  09:51,10d
2010 May 23  10:40,11d
2010 May 24  11:29,12d
2010 May 25  12:21,13d
2010 May 26  13:14,14d
2010 May 27  14:09,15d
2010 May 28  15:05,16d
2010 May 29  16:00,17d
2010 May 30  16:52,18d
2010 May 31  17:42,19d
2010 Jun 01  18:28,20d
2010 Jun 02  19:11,21d
2010 Jun 03  19:53,22d
2010 Jun 04  20:33,23d
2010 Jun 05  21:14,24d
2010 Jun 06  21:55,25d
2010 Jun 07  22:39,26d
2010 Jun 08  23:26,27d
2010 Jun 10  00:18,28d
2010 Jun 11  01:13,29d
2010 Jun 12  02:12,30d
2010 Jun 12  11:15,1d
2010 Jun 13  03:13,2d
2010 Jun 14  04:14,3d
2010 Jun 15  05:12,4d
2010 Jun 16  06:07,5d
2010 Jun 17  06:59,6d
2010 Jun 18  07:48,7d
2010 Jun 19  08:37,8d
2010 Jun 20  09:26,9d
2010 Jun 21  10:16,10d
2010 Jun 22  11:08,11d
2010 Jun 23  12:02,12d
2010 Jun 24  12:56,13d
2010 Jun 25  13:51,14d
2010 Jun 26  14:44,15d
2010 Jun 27  15:34,16d
2010 Jun 28  16:22,17d
2010 Jun 29  17:07,18d
2010 Jun 30  17:49,19d
2010 Jul 01  18:30,20d
2010 Jul 02  19:10,21d
2010 Jul 03  19:50,22d
2010 Jul 04  20:33,23d
2010 Jul 05  21:17,24d
2010 Jul 06  22:06,25d
2010 Jul 07  22:58,26d
2010 Jul 08  23:55,27d
2010 Jul 10  00:55,28d
2010 Jul 11  01:57,29d
2010 Jul 11  19:40,1d
2010 Jul 12  02:57,2d
2010 Jul 13  03:55,3d
2010 Jul 14  04:50,4d
2010 Jul 15  05:43,5d
2010 Jul 16  06:33,6d
2010 Jul 17  07:23,7d
2010 Jul 18  08:14,8d
2010 Jul 19  09:05,9d
2010 Jul 20  09:58,10d
2010 Jul 21  10:52,11d
2010 Jul 22  11:46,12d
2010 Jul 23  12:39,13d
2010 Jul 24  13:30,14d
2010 Jul 25  14:18,15d
2010 Jul 26  15:03,16d
2010 Jul 27  15:46,17d
2010 Jul 28  16:28,18d
2010 Jul 29  17:08,19d
2010 Jul 30  17:48,20d
2010 Jul 31  18:29,21d
2010 Aug 01  19:12,22d
2010 Aug 02  19:58,23d
2010 Aug 03  20:47,24d
2010 Aug 04  21:41,25d
2010 Aug 05  22:38,26d
2010 Aug 06  23:38,27d
2010 Aug 08  00:39,28d
2010 Aug 09  01:38,29d
2010 Aug 10  02:35,30d
2010 Aug 10  03:08,1d
2010 Aug 11  03:30,2d
2010 Aug 12  04:23,3d
2010 Aug 13  05:15,4d
2010 Aug 14  06:07,5d
2010 Aug 15  07:00,6d
2010 Aug 16  07:53,7d
2010 Aug 17  08:48,8d
2010 Aug 18  09:42,9d
2010 Aug 19  10:35,10d
2010 Aug 20  11:26,11d
2010 Aug 21  12:15,12d
2010 Aug 22  13:01,13d
2010 Aug 23  13:45,14d
2010 Aug 24  14:27,15d
2010 Aug 25  15:07,16d
2010 Aug 26  15:47,17d
2010 Aug 27  16:28,18d
2010 Aug 28  17:10,19d
2010 Aug 29  17:55,20d
2010 Aug 30  18:42,21d
2010 Aug 31  19:33,22d
2010 Sep 01  20:27,23d
2010 Sep 02  21:24,24d
2010 Sep 03  22:22,25d
2010 Sep 04  23:20,26d
2010 Sep 06  00:18,27d
2010 Sep 07  01:13,28d
2010 Sep 08  02:07,29d
2010 Sep 08  10:30,1d
2010 Sep 09  03:01,2d
2010 Sep 10  03:54,3d
2010 Sep 11  04:48,4d
2010 Sep 12  05:43,5d
2010 Sep 13  06:39,6d
2010 Sep 14  07:35,7d
2010 Sep 15  08:30,8d
2010 Sep 16  09:22,9d
2010 Sep 17  10:12,10d
2010 Sep 18  10:59,11d
2010 Sep 19  11:43,12d
2010 Sep 20  12:26,13d
2010 Sep 21  13:06,14d
2010 Sep 22  13:47,15d
2010 Sep 23  14:28,16d
2010 Sep 24  15:09,17d
2010 Sep 25  15:53,18d
2010 Sep 26  16:40,19d
2010 Sep 27  17:29,20d
2010 Sep 28  18:21,21d
2010 Sep 29  19:16,22d
2010 Sep 30  20:13,23d
2010 Oct 01  21:09,24d
2010 Oct 02  22:05,25d
2010 Oct 03  22:59,26d
2010 Oct 04  23:52,27d
2010 Oct 06  00:45,28d
2010 Oct 07  01:38,29d
2010 Oct 07  18:44,1d
2010 Oct 08  02:32,2d
2010 Oct 09  03:27,3d
2010 Oct 10  04:24,4d
2010 Oct 11  05:22,5d
2010 Oct 12  06:19,6d
2010 Oct 13  07:14,7d
2010 Oct 14  08:06,8d
2010 Oct 15  08:55,9d
2010 Oct 16  09:40,10d
2010 Oct 17  10:23,11d
2010 Oct 18  11:04,12d
2010 Oct 19  11:45,13d
2010 Oct 20  12:26,14d
2010 Oct 21  13:07,15d
2010 Oct 22  13:51,16d
2010 Oct 23  14:37,17d
2010 Oct 24  15:26,18d
2010 Oct 25  16:18,19d
2010 Oct 26  17:12,20d
2010 Oct 27  18:08,21d
2010 Oct 28  19:04,22d
2010 Oct 29  19:59,23d
2010 Oct 30  20:52,24d
2010 Oct 31  21:43,25d
2010 Nov 01  22:34,26d
2010 Nov 02  23:25,27d
2010 Nov 04  00:17,28d
2010 Nov 05  01:11,29d
2010 Nov 06  02:07,30d
2010 Nov 06  04:52,1d
2010 Nov 07  03:05,2d
2010 Nov 08  04:03,3d
2010 Nov 09  05:01,4d
2010 Nov 10  05:55,5d
2010 Nov 11  06:47,6d
2010 Nov 12  07:34,7d
2010 Nov 13  08:18,8d
2010 Nov 14  09:01,9d
2010 Nov 15  09:41,10d
2010 Nov 16  10:22,11d
2010 Nov 17  11:03,12d
2010 Nov 18  11:46,13d
2010 Nov 19  12:31,14d
2010 Nov 20  13:19,15d
2010 Nov 21  14:11,16d
2010 Nov 22  15:06,17d
2010 Nov 23  16:02,18d
2010 Nov 24  16:59,19d
2010 Nov 25  17:55,20d
2010 Nov 26  18:48,21d
2010 Nov 27  19:40,22d
2010 Nov 28  20:30,23d
2010 Nov 29  21:19,24d
2010 Nov 30  22:09,25d
2010 Dec 01  23:00,26d
2010 Dec 02  23:54,27d
2010 Dec 04  00:50,28d
2010 Dec 05  01:47,29d
2010 Dec 05  17:36,1d
2010 Dec 06  02:45,2d
2010 Dec 07  03:42,3d
2010 Dec 08  04:35,4d
2010 Dec 09  05:25,5d
2010 Dec 10  06:11,6d
2010 Dec 11  06:55,7d
2010 Dec 12  07:36,8d
2010 Dec 13  08:17,9d
2010 Dec 14  08:57,10d
2010 Dec 15  09:39,11d
2010 Dec 16  10:23,12d
2010 Dec 17  11:09,13d
2010 Dec 18  11:59,14d
2010 Dec 19  12:53,15d
2010 Dec 20  13:50,16d
2010 Dec 21  14:48,17d
2010 Dec 22  15:46,18d
2010 Dec 23  16:42,19d
2010 Dec 24  17:36,20d
2010 Dec 25  18:27,21d
2010 Dec 26  19:17,22d
2010 Dec 27  20:07,23d
2010 Dec 28  20:57,24d
2010 Dec 29  21:49,25d
2010 Dec 30  22:42,26d
2010 Dec 31  23:38,27d
2011 Jan 02  00:34,28d
2011 Jan 03  01:30,29d
2011 Jan 04  02:25,30d
2011 Jan 04  09:03,1d
2011 Jan 05  03:16,2d
2011 Jan 06  04:04,3d
2011 Jan 07  04:49,4d
2011 Jan 08  05:31,5d
2011 Jan 09  06:12,6d
2011 Jan 10  06:53,7d
2011 Jan 11  07:34,8d
2011 Jan 12  08:16,9d
2011 Jan 13  09:00,10d
2011 Jan 14  09:48,11d
2011 Jan 15  10:39,12d
2011 Jan 16  11:34,13d
2011 Jan 17  12:31,14d
2011 Jan 18  13:30,15d
2011 Jan 19  14:28,16d
2011 Jan 20  15:24,17d
2011 Jan 21  16:18,18d
2011 Jan 22  17:11,19d
2011 Jan 23  18:02,20d
2011 Jan 24  18:53,21d
2011 Jan 25  19:45,22d
2011 Jan 26  20:39,23d
2011 Jan 27  21:33,24d
2011 Jan 28  22:29,25d
2011 Jan 29  23:24,26d
2011 Jan 31  00:18,27d
2011 Feb 01  01:10,28d
2011 Feb 02  01:59,29d
2011 Feb 03  02:31,1d
2011 Feb 03  02:44,2d
2011 Feb 04  03:28,3d
2011 Feb 05  04:09,4d
2011 Feb 06  04:50,5d
2011 Feb 07  05:30,6d
2011 Feb 08  06:12,7d
2011 Feb 09  06:55,8d
2011 Feb 10  07:40,9d
2011 Feb 11  08:29,10d
2011 Feb 12  09:20,11d
2011 Feb 13  10:15,12d
2011 Feb 14  11:12,13d
2011 Feb 15  12:09,14d
2011 Feb 16  13:06,15d
2011 Feb 17  14:02,16d
2011 Feb 18  14:56,17d
2011 Feb 19  15:50,18d
2011 Feb 20  16:43,19d
2011 Feb 21  17:37,20d
2011 Feb 22  18:32,21d
2011 Feb 23  19:28,22d
2011 Feb 24  20:24,23d
2011 Feb 25  21:20,24d
2011 Feb 26  22:15,25d
2011 Feb 27  23:07,26d
2011 Feb 28  23:56,27d
2011 Mar 02  00:42,28d
2011 Mar 03  01:26,29d
2011 Mar 04  02:08,30d
2011 Mar 04  20:46,1d
2011 Mar 05  02:49,2d
2011 Mar 06  03:29,3d
2011 Mar 07  04:10,4d
2011 Mar 08  04:53,5d
2011 Mar 09  05:37,6d
2011 Mar 10  06:24,7d
2011 Mar 11  07:13,8d
2011 Mar 12  08:05,9d
2011 Mar 13  08:59,10d
2011 Mar 14  09:54,11d
2011 Mar 15  10:50,12d
2011 Mar 16  11:45,13d
2011 Mar 17  12:39,14d
2011 Mar 18  13:32,15d
2011 Mar 19  14:26,16d
2011 Mar 20  15:21,17d
2011 Mar 21  16:17,18d
2011 Mar 22  17:15,19d
2011 Mar 23  18:14,20d
2011 Mar 24  19:12,21d
2011 Mar 25  20:09,22d
2011 Mar 26  21:03,23d
2011 Mar 27  21:53,24d
2011 Mar 28  22:40,25d
2011 Mar 29  23:25,26d
2011 Mar 31  00:07,27d
2011 Apr 01  00:48,28d
2011 Apr 02  01:28,29d
2011 Apr 03  02:09,30d
2011 Apr 03  14:32,1d
2011 Apr 04  02:51,2d
2011 Apr 05  03:35,3d
2011 Apr 06  04:21,4d
2011 Apr 07  05:10,5d
2011 Apr 08  06:01,6d
2011 Apr 09  06:53,7d
2011 Apr 10  07:47,8d
2011 Apr 11  08:40,9d
2011 Apr 12  09:34,10d
2011 Apr 13  10:26,11d
2011 Apr 14  11:18,12d
2011 Apr 15  12:10,13d
2011 Apr 16  13:03,14d
2011 Apr 17  13:59,15d
2011 Apr 18  14:56,16d
2011 Apr 19  15:56,17d
2011 Apr 20  16:56,18d
2011 Apr 21  17:56,19d
2011 Apr 22  18:53,20d
2011 Apr 23  19:46,21d
2011 Apr 24  20:36,22d
2011 Apr 25  21:22,23d
2011 Apr 26  22:05,24d
2011 Apr 27  22:47,25d
2011 Apr 28  23:27,26d
2011 Apr 30  00:08,27d
2011 May 01  00:50,28d
2011 May 02  01:33,29d
2011 May 03  02:19,30d
2011 May 03  06:51,1d
2011 May 04  03:07,2d
2011 May 05  03:57,3d
2011 May 06  04:50,4d
2011 May 07  05:43,5d
2011 May 08  06:36,6d
2011 May 09  07:29,7d
2011 May 10  08:20,8d
2011 May 11  09:11,9d
2011 May 12  10:01,10d
2011 May 13  10:52,11d
2011 May 14  11:44,12d
2011 May 15  12:39,13d
2011 May 16  13:37,14d
2011 May 17  14:37,15d
2011 May 18  15:38,16d
2011 May 19  16:37,17d
2011 May 20  17:34,18d
2011 May 21  18:27,19d
2011 May 22  19:15,20d
2011 May 23  20:00,21d
2011 May 24  20:43,22d
2011 May 25  21:24,23d
2011 May 26  22:05,24d
2011 May 27  22:46,25d
2011 May 28  23:29,26d
2011 May 30  00:14,27d
2011 May 31  01:01,28d
2011 Jun 01  01:51,29d
2011 Jun 01  21:03,1d
2011 Jun 02  02:44,2d
2011 Jun 03  03:38,3d
2011 Jun 04  04:32,4d
2011 Jun 05  05:26,5d
2011 Jun 06  06:17,6d
2011 Jun 07  07:08,7d
2011 Jun 08  07:57,8d
2011 Jun 09  08:47,9d
2011 Jun 10  09:37,10d
2011 Jun 11  10:29,11d
2011 Jun 12  11:24,12d
2011 Jun 13  12:22,13d
2011 Jun 14  13:21,14d
2011 Jun 15  14:21,15d
2011 Jun 16  15:19,16d
2011 Jun 17  16:14,17d
2011 Jun 18  17:05,18d
2011 Jun 19  17:53,19d
2011 Jun 20  18:37,20d
2011 Jun 21  19:20,21d
2011 Jun 22  20:01,22d
2011 Jun 23  20:42,23d
2011 Jun 24  21:24,24d
2011 Jun 25  22:08,25d
2011 Jun 26  22:54,26d
2011 Jun 27  23:43,27d
2011 Jun 29  00:35,28d
2011 Jun 30  01:29,29d
2011 Jul 01  02:24,30d
2011 Jul 01  08:54,1d
2011 Jul 02  03:19,2d
2011 Jul 03  04:12,3d
2011 Jul 04  05:04,4d
2011 Jul 05  05:55,5d
2011 Jul 06  06:45,6d
2011 Jul 07  07:35,7d
2011 Jul 08  08:26,8d
2011 Jul 09  09:19,9d
2011 Jul 10  10:14,10d
2011 Jul 11  11:11,11d
2011 Jul 12  12:10,12d
2011 Jul 13  13:07,13d
2011 Jul 14  14:03,14d
2011 Jul 15  14:56,15d
2011 Jul 16  15:45,16d
2011 Jul 17  16:31,17d
2011 Jul 18  17:14,18d
2011 Jul 19  17:56,19d
2011 Jul 20  18:37,20d
2011 Jul 21  19:19,21d
2011 Jul 22  20:02,22d
2011 Jul 23  20:47,23d
2011 Jul 24  21:34,24d
2011 Jul 25  22:24,25d
2011 Jul 26  23:17,26d
2011 Jul 28  00:11,27d
2011 Jul 29  01:06,28d
2011 Jul 30  02:01,29d
2011 Jul 30  18:40,1d
2011 Jul 31  02:55,2d
2011 Aug 01  03:48,3d
2011 Aug 02  04:39,4d
2011 Aug 03  05:30,5d
2011 Aug 04  06:22,6d
2011 Aug 05  07:15,7d
2011 Aug 06  08:10,8d
2011 Aug 07  09:06,9d
2011 Aug 08  10:04,10d
2011 Aug 09  11:01,11d
2011 Aug 10  11:56,12d
2011 Aug 11  12:49,13d
2011 Aug 12  13:39,14d
2011 Aug 13  14:25,15d
2011 Aug 14  15:10,16d
2011 Aug 15  15:52,17d
2011 Aug 16  16:34,18d
2011 Aug 17  17:15,19d
2011 Aug 18  17:58,20d
2011 Aug 19  18:41,21d
2011 Aug 20  19:27,22d
2011 Aug 21  20:15,23d
2011 Aug 22  21:06,24d
2011 Aug 23  21:58,25d
2011 Aug 24  22:52,26d
2011 Aug 25  23:47,27d
2011 Aug 27  00:41,28d
2011 Aug 28  01:34,29d
2011 Aug 29  02:27,30d
2011 Aug 29  03:04,1d
2011 Aug 30  03:20,2d
2011 Aug 31  04:13,3d
2011 Sep 01  05:08,4d
2011 Sep 02  06:04,5d
2011 Sep 03  07:01,6d
2011 Sep 04  07:59,7d
2011 Sep 05  08:57,8d
2011 Sep 06  09:52,9d
2011 Sep 07  10:45,10d
2011 Sep 08  11:35,11d
2011 Sep 09  12:22,12d
2011 Sep 10  13:07,13d
2011 Sep 11  13:50,14d
2011 Sep 12  14:32,15d
2011 Sep 13  15:13,16d
2011 Sep 14  15:55,17d
2011 Sep 15  16:38,18d
2011 Sep 16  17:23,19d
2011 Sep 17  18:10,20d
2011 Sep 18  18:58,21d
2011 Sep 19  19:49,22d
2011 Sep 20  20:41,23d
2011 Sep 21  21:34,24d
2011 Sep 22  22:27,25d
2011 Sep 23  23:19,26d
2011 Sep 25  00:12,27d
2011 Sep 26  01:05,28d
2011 Sep 27  01:58,29d
2011 Sep 27  11:09,1d
2011 Sep 28  02:53,2d
2011 Sep 29  03:50,3d
2011 Sep 30  04:49,4d
2011 Oct 01  05:49,5d
2011 Oct 02  06:49,6d
2011 Oct 03  07:47,7d
2011 Oct 04  08:41,8d
2011 Oct 05  09:33,9d
2011 Oct 06  10:21,10d
2011 Oct 07  11:06,11d
2011 Oct 08  11:49,12d
2011 Oct 09  12:30,13d
2011 Oct 10  13:12,14d
2011 Oct 11  13:54,15d
2011 Oct 12  14:36,16d
2011 Oct 13  15:21,17d
2011 Oct 14  16:07,18d
2011 Oct 15  16:55,19d
2011 Oct 16  17:45,20d
2011 Oct 17  18:35,21d
2011 Oct 18  19:27,22d
2011 Oct 19  20:18,23d
2011 Oct 20  21:09,24d
2011 Oct 21  21:59,25d
2011 Oct 22  22:50,26d
2011 Oct 23  23:42,27d
2011 Oct 25  00:35,28d
2011 Oct 26  01:31,29d
2011 Oct 26  19:56,1d
2011 Oct 27  02:29,2d
2011 Oct 28  03:30,3d
2011 Oct 29  04:32,4d
2011 Oct 30  05:34,5d
2011 Oct 31  06:32,6d
2011 Nov 01  07:26,7d
2011 Nov 02  08:17,8d
2011 Nov 03  09:03,9d
2011 Nov 04  09:47,10d
2011 Nov 05  10:29,11d
2011 Nov 06  11:11,12d
2011 Nov 07  11:52,13d
2011 Nov 08  12:34,14d
2011 Nov 09  13:18,15d
2011 Nov 10  14:04,16d
2011 Nov 11  14:52,17d
2011 Nov 12  15:41,18d
2011 Nov 13  16:32,19d
2011 Nov 14  17:23,20d
2011 Nov 15  18:14,21d
2011 Nov 16  19:04,22d
2011 Nov 17  19:53,23d
2011 Nov 18  20:42,24d
2011 Nov 19  21:31,25d
2011 Nov 20  22:22,26d
2011 Nov 21  23:14,27d
2011 Nov 23  00:10,28d
2011 Nov 24  01:09,29d
2011 Nov 25  02:10,30d
2011 Nov 25  06:10,1d
2011 Nov 26  03:13,2d
2011 Nov 27  04:15,3d
2011 Nov 28  05:13,4d
2011 Nov 29  06:07,5d
2011 Nov 30  06:56,6d
2011 Dec 01  07:42,7d
2011 Dec 02  08:26,8d
2011 Dec 03  09:08,9d
2011 Dec 04  09:50,10d
2011 Dec 05  10:31,11d
2011 Dec 06  11:15,12d
2011 Dec 07  12:00,13d
2011 Dec 08  12:47,14d
2011 Dec 09  13:36,15d
2011 Dec 10  14:27,16d
2011 Dec 11  15:19,17d
2011 Dec 12  16:11,18d
2011 Dec 13  17:01,19d
2011 Dec 14  17:51,20d
2011 Dec 15  18:40,21d
2011 Dec 16  19:28,22d
2011 Dec 17  20:17,23d
2011 Dec 18  21:06,24d
2011 Dec 19  21:59,25d
2011 Dec 20  22:54,26d
2011 Dec 21  23:52,27d
2011 Dec 23  00:53,28d
2011 Dec 24  01:55,29d
2011 Dec 24  18:06,1d
2011 Dec 25  02:55,2d
2011 Dec 26  03:52,3d
2011 Dec 27  04:44,4d
2011 Dec 28  05:33,5d
2011 Dec 29  06:19,6d
2011 Dec 30  07:03,7d
2011 Dec 31  07:45,8d
2012 Jan 01  08:27,9d
2012 Jan 02  09:10,10d
2012 Jan 03  09:54,11d
2012 Jan 04  10:40,12d
2012 Jan 05  11:28,13d
2012 Jan 06  12:19,14d
2012 Jan 07  13:11,15d
2012 Jan 08  14:03,16d
2012 Jan 09  14:55,17d
2012 Jan 10  15:47,18d
2012 Jan 11  16:37,19d
2012 Jan 12  17:26,20d
2012 Jan 13  18:15,21d
2012 Jan 14  19:04,22d
2012 Jan 15  19:55,23d
2012 Jan 16  20:48,24d
2012 Jan 17  21:44,25d
2012 Jan 18  22:42,26d
2012 Jan 19  23:41,27d
2012 Jan 21  00:40,28d
2012 Jan 22  01:37,29d
2012 Jan 23  02:32,30d
2012 Jan 23  07:39,1d
2012 Jan 24  03:22,2d
2012 Jan 25  04:10,3d
2012 Jan 26  04:55,4d
2012 Jan 27  05:39,5d
2012 Jan 28  06:21,6d
2012 Jan 29  07:04,7d
2012 Jan 30  07:48,8d
2012 Jan 31  08:33,9d
2012 Feb 01  09:20,10d
2012 Feb 02  10:09,11d
2012 Feb 03  11:00,12d
2012 Feb 04  11:52,13d
2012 Feb 05  12:44,14d
2012 Feb 06  13:36,15d
2012 Feb 07  14:28,16d
2012 Feb 08  15:19,17d
2012 Feb 09  16:09,18d
2012 Feb 10  17:00,19d
2012 Feb 11  17:51,20d
2012 Feb 12  18:45,21d
2012 Feb 13  19:40,22d
2012 Feb 14  20:37,23d
2012 Feb 15  21:35,24d
2012 Feb 16  22:33,25d
2012 Feb 17  23:30,26d
2012 Feb 19  00:24,27d
2012 Feb 20  01:15,28d
2012 Feb 21  02:03,29d
2012 Feb 21  22:35,1d
2012 Feb 22  02:49,2d
2012 Feb 23  03:33,3d
2012 Feb 24  04:16,4d
2012 Feb 25  04:59,5d
2012 Feb 26  05:42,6d
2012 Feb 27  06:27,7d
2012 Feb 28  07:13,8d
2012 Feb 29  08:01,9d
2012 Mar 01  08:50,10d
2012 Mar 02  09:40,11d
2012 Mar 03  10:31,12d
2012 Mar 04  11:23,13d
2012 Mar 05  12:14,14d
2012 Mar 06  13:05,15d
2012 Mar 07  13:57,16d
2012 Mar 08  14:48,17d
2012 Mar 09  15:41,18d
2012 Mar 10  16:36,19d
2012 Mar 11  17:32,20d
2012 Mar 12  18:31,21d
2012 Mar 13  19:30,22d
2012 Mar 14  20:29,23d
2012 Mar 15  21:26,24d
2012 Mar 16  22:20,25d
2012 Mar 17  23:11,26d
2012 Mar 18  23:59,27d
2012 Mar 20  00:45,28d
2012 Mar 21  01:29,29d
2012 Mar 22  02:12,30d
2012 Mar 22  14:37,1d
2012 Mar 23  02:55,2d
2012 Mar 24  03:38,3d
2012 Mar 25  04:23,4d
2012 Mar 26  05:08,5d
2012 Mar 27  05:55,6d
2012 Mar 28  06:43,7d
2012 Mar 29  07:32,8d
2012 Mar 30  08:22,9d
2012 Mar 31  09:12,10d
2012 Apr 01  10:02,11d
2012 Apr 02  10:52,12d
2012 Apr 03  11:42,13d
2012 Apr 04  12:33,14d
2012 Apr 05  13:25,15d
2012 Apr 06  14:20,16d
2012 Apr 07  15:17,17d
2012 Apr 08  16:16,18d
2012 Apr 09  17:17,19d
2012 Apr 10  18:19,20d
2012 Apr 11  19:19,21d
2012 Apr 12  20:15,22d
2012 Apr 13  21:08,23d
2012 Apr 14  21:58,24d
2012 Apr 15  22:44,25d
2012 Apr 16  23:28,26d
2012 Apr 18  00:11,27d
2012 Apr 19  00:54,28d
2012 Apr 20  01:36,29d
2012 Apr 21  02:20,30d
2012 Apr 21  07:18,1d
2012 Apr 22  03:05,2d
2012 Apr 23  03:52,3d
2012 Apr 24  04:39,4d
2012 Apr 25  05:28,5d
2012 Apr 26  06:17,6d
2012 Apr 27  07:06,7d
2012 Apr 28  07:55,8d
2012 Apr 29  08:44,9d
2012 Apr 30  09:32,10d
2012 May 01  10:21,11d
2012 May 02  11:11,12d
2012 May 03  12:03,13d
2012 May 04  12:58,14d
2012 May 05  13:56,15d
2012 May 06  14:57,16d
2012 May 07  16:01,17d
2012 May 08  17:03,18d
2012 May 09  18:04,19d
2012 May 10  19:00,20d
2012 May 11  19:52,21d
2012 May 12  20:41,22d
2012 May 13  21:26,23d
2012 May 14  22:10,24d
2012 May 15  22:53,25d
2012 May 16  23:35,26d
2012 May 18  00:18,27d
2012 May 19  01:03,28d
2012 May 20  01:49,29d
2012 May 20  23:47,1d
2012 May 21  02:36,2d
2012 May 22  03:25,3d
2012 May 23  04:14,4d
2012 May 24  05:03,5d
2012 May 25  05:52,6d
2012 May 26  06:40,7d
2012 May 27  07:28,8d
2012 May 28  08:15,9d
2012 May 29  09:03,10d
2012 May 30  09:52,11d
2012 May 31  10:43,12d
2012 Jun 01  11:38,13d
2012 Jun 02  12:37,14d
2012 Jun 03  13:39,15d
2012 Jun 04  14:42,16d
2012 Jun 05  15:45,17d
2012 Jun 06  16:45,18d
2012 Jun 07  17:41,19d
2012 Jun 08  18:33,20d
2012 Jun 09  19:21,21d
2012 Jun 10  20:06,22d
2012 Jun 11  20:50,23d
2012 Jun 12  21:33,24d
2012 Jun 13  22:16,25d
2012 Jun 14  23:00,26d
2012 Jun 15  23:46,27d
2012 Jun 17  00:33,28d
2012 Jun 18  01:21,29d
2012 Jun 19  02:10,30d
2012 Jun 19  15:02,1d
2012 Jun 20  03:00,2d
2012 Jun 21  03:50,3d
2012 Jun 22  04:38,4d
2012 Jun 23  05:26,5d
2012 Jun 24  06:13,6d
2012 Jun 25  07:00,7d
2012 Jun 26  07:48,8d
2012 Jun 27  08:37,9d
2012 Jun 28  09:28,10d
2012 Jun 29  10:24,11d
2012 Jun 30  11:22,12d
2012 Jul 01  12:23,13d
2012 Jul 02  13:26,14d
2012 Jul 03  14:27,15d
2012 Jul 04  15:26,16d
2012 Jul 05  16:20,17d
2012 Jul 06  17:11,18d
2012 Jul 07  17:59,19d
2012 Jul 08  18:44,20d
2012 Jul 09  19:29,21d
2012 Jul 10  20:12,22d
2012 Jul 11  20:56,23d
2012 Jul 12  21:41,24d
2012 Jul 13  22:28,25d
2012 Jul 14  23:15,26d
2012 Jul 16  00:05,27d
2012 Jul 17  00:54,28d
2012 Jul 18  01:44,29d
2012 Jul 19  02:34,30d
2012 Jul 19  04:24,1d
2012 Jul 20  03:23,2d
2012 Jul 21  04:11,3d
2012 Jul 22  04:58,4d
2012 Jul 23  05:46,5d
2012 Jul 24  06:35,6d
2012 Jul 25  07:25,7d
2012 Jul 26  08:18,8d
2012 Jul 27  09:14,9d
2012 Jul 28  10:12,10d
2012 Jul 29  11:12,11d
2012 Jul 30  12:12,12d
2012 Jul 31  13:11,13d
2012 Aug 01  14:07,14d
2012 Aug 02  15:00,15d
2012 Aug 03  15:49,16d
2012 Aug 04  16:36,17d
2012 Aug 05  17:22,18d
2012 Aug 06  18:06,19d
2012 Aug 07  18:51,20d
2012 Aug 08  19:36,21d
2012 Aug 09  20:22,22d
2012 Aug 10  21:09,23d
2012 Aug 11  21:57,24d
2012 Aug 12  22:46,25d
2012 Aug 13  23:36,26d
2012 Aug 15  00:26,27d
2012 Aug 16  01:16,28d
2012 Aug 17  02:05,29d
2012 Aug 17  15:54,1d
2012 Aug 18  02:53,2d
2012 Aug 19  03:42,3d
2012 Aug 20  04:31,4d
2012 Aug 21  05:22,5d
2012 Aug 22  06:15,6d
2012 Aug 23  07:10,7d
2012 Aug 24  08:07,8d
2012 Aug 25  09:06,9d
2012 Aug 26  10:04,10d
2012 Aug 27  11:02,11d
2012 Aug 28  11:58,12d
2012 Aug 29  12:50,13d
2012 Aug 30  13:40,14d
2012 Aug 31  14:28,15d
2012 Sep 01  15:14,16d
2012 Sep 02  15:59,17d
2012 Sep 03  16:44,18d
2012 Sep 04  17:29,19d
2012 Sep 05  18:15,20d
2012 Sep 06  19:02,21d
2012 Sep 07  19:50,22d
2012 Sep 08  20:38,23d
2012 Sep 09  21:27,24d
2012 Sep 10  22:16,25d
2012 Sep 11  23:06,26d
2012 Sep 12  23:55,27d
2012 Sep 14  00:43,28d
2012 Sep 15  01:33,29d
2012 Sep 16  02:11,1d
2012 Sep 16  02:23,2d
2012 Sep 17  03:14,3d
2012 Sep 18  04:08,4d
2012 Sep 19  05:03,5d
2012 Sep 20  06:01,6d
2012 Sep 21  07:00,7d
2012 Sep 22  08:00,8d
2012 Sep 23  08:58,9d
2012 Sep 24  09:53,10d
2012 Sep 25  10:46,11d
2012 Sep 26  11:36,12d
2012 Sep 27  12:23,13d
2012 Sep 28  13:09,14d
2012 Sep 29  13:54,15d
2012 Sep 30  14:39,16d
2012 Oct 01  15:24,17d
2012 Oct 02  16:09,18d
2012 Oct 03  16:56,19d
2012 Oct 04  17:43,20d
2012 Oct 05  18:31,21d
2012 Oct 06  19:20,22d
2012 Oct 07  20:08,23d
2012 Oct 08  20:56,24d
2012 Oct 09  21:44,25d
2012 Oct 10  22:32,26d
2012 Oct 11  23:20,27d
2012 Oct 13  00:09,28d
2012 Oct 14  01:00,29d
2012 Oct 15  01:53,30d
2012 Oct 15  12:02,1d
2012 Oct 16  02:49,2d
2012 Oct 17  03:48,3d
2012 Oct 18  04:49,4d
2012 Oct 19  05:51,5d
2012 Oct 20  06:51,6d
2012 Oct 21  07:49,7d
2012 Oct 22  08:43,8d
2012 Oct 23  09:33,9d
2012 Oct 24  10:21,10d
2012 Oct 25  11:07,11d
2012 Oct 26  11:52,12d
2012 Oct 27  12:36,13d
2012 Oct 28  13:20,14d
2012 Oct 29  14:05,15d
2012 Oct 30  14:51,16d
2012 Oct 31  15:38,17d
2012 Nov 01  16:26,18d
2012 Nov 02  17:15,19d
2012 Nov 03  18:03,20d
2012 Nov 04  18:50,21d
2012 Nov 05  19:37,22d
2012 Nov 06  20:24,23d
2012 Nov 07  21:10,24d
2012 Nov 08  21:57,25d
2012 Nov 09  22:46,26d
2012 Nov 10  23:37,27d
2012 Nov 12  00:31,28d
2012 Nov 13  01:28,29d
2012 Nov 13  22:08,1d
2012 Nov 14  02:29,2d
2012 Nov 15  03:33,3d
2012 Nov 16  04:36,4d
2012 Nov 17  05:37,5d
2012 Nov 18  06:35,6d
2012 Nov 19  07:28,7d
2012 Nov 20  08:18,8d
2012 Nov 21  09:05,9d
2012 Nov 22  09:50,10d
2012 Nov 23  10:34,11d
2012 Nov 24  11:18,12d
2012 Nov 25  12:03,13d
2012 Nov 26  12:48,14d
2012 Nov 27  13:35,15d
2012 Nov 28  14:23,16d
2012 Nov 29  15:11,17d
2012 Nov 30  15:59,18d
2012 Dec 01  16:47,19d
2012 Dec 02  17:34,20d
2012 Dec 03  18:20,21d
2012 Dec 04  19:06,22d
2012 Dec 05  19:51,23d
2012 Dec 06  20:38,24d
2012 Dec 07  21:25,25d
2012 Dec 08  22:16,26d
2012 Dec 09  23:10,27d
2012 Dec 11  00:08,28d
2012 Dec 12  01:09,29d
2012 Dec 13  02:13,30d
2012 Dec 13  08:42,1d
2012 Dec 14  03:17,2d
2012 Dec 15  04:18,3d
2012 Dec 16  05:16,4d
2012 Dec 17  06:10,5d
2012 Dec 18  06:59,6d
2012 Dec 19  07:47,7d
2012 Dec 20  08:32,8d
2012 Dec 21  09:16,9d
2012 Dec 22  10:01,10d
2012 Dec 23  10:46,11d
2012 Dec 24  11:32,12d
2012 Dec 25  12:19,13d
2012 Dec 26  13:07,14d
2012 Dec 27  13:56,15d
2012 Dec 28  14:44,16d
2012 Dec 29  15:32,17d
2012 Dec 30  16:19,18d
2012 Dec 31  17:05,19d
2013 Jan 01  17:50,20d
2013 Jan 02  18:35,21d
2013 Jan 03  19:21,22d
2013 Jan 04  20:09,23d
2013 Jan 05  21:00,24d
2013 Jan 06  21:53,25d
2013 Jan 07  22:51,26d
2013 Jan 08  23:52,27d
2013 Jan 10  00:54,28d
2013 Jan 11  01:57,29d
2013 Jan 11  19:44,1d
2013 Jan 12  02:57,2d
2013 Jan 13  03:54,3d
2013 Jan 14  04:47,4d
2013 Jan 15  05:37,5d
2013 Jan 16  06:25,6d
2013 Jan 17  07:11,7d
2013 Jan 18  07:56,8d
2013 Jan 19  08:42,9d
2013 Jan 20  09:28,10d
2013 Jan 21  10:15,11d
2013 Jan 22  11:02,12d
2013 Jan 23  11:51,13d
2013 Jan 24  12:39,14d
2013 Jan 25  13:27,15d
2013 Jan 26  14:15,16d
2013 Jan 27  15:02,17d
2013 Jan 28  15:48,18d
2013 Jan 29  16:34,19d
2013 Jan 30  17:20,20d
2013 Jan 31  18:08,21d
2013 Feb 01  18:57,22d
2013 Feb 02  19:48,23d
2013 Feb 03  20:43,24d
2013 Feb 04  21:40,25d
2013 Feb 05  22:40,26d
2013 Feb 06  23:40,27d
2013 Feb 08  00:40,28d
2013 Feb 09  01:37,29d
2013 Feb 10  02:32,30d
2013 Feb 10  07:20,1d
2013 Feb 11  03:24,2d
2013 Feb 12  04:13,3d
2013 Feb 13  05:01,4d
2013 Feb 14  05:48,5d
2013 Feb 15  06:35,6d
2013 Feb 16  07:21,7d
2013 Feb 17  08:08,8d
2013 Feb 18  08:56,9d
2013 Feb 19  09:44,10d
2013 Feb 20  10:32,11d
2013 Feb 21  11:20,12d
2013 Feb 22  12:08,13d
2013 Feb 23  12:55,14d
2013 Feb 24  13:42,15d
2013 Feb 25  14:29,16d
2013 Feb 26  15:16,17d
2013 Feb 27  16:04,18d
2013 Feb 28  16:54,19d
2013 Mar 01  17:45,20d
2013 Mar 02  18:39,21d
2013 Mar 03  19:36,22d
2013 Mar 04  20:34,23d
2013 Mar 05  21:33,24d
2013 Mar 06  22:31,25d
2013 Mar 07  23:27,26d
2013 Mar 09  00:21,27d
2013 Mar 10  01:13,28d
2013 Mar 11  02:03,29d
2013 Mar 11  19:51,1d
2013 Mar 12  02:51,2d
2013 Mar 13  03:39,3d
2013 Mar 14  04:26,4d
2013 Mar 15  05:13,5d
2013 Mar 16  06:00,6d
2013 Mar 17  06:48,7d
2013 Mar 18  07:36,8d
2013 Mar 19  08:24,9d
2013 Mar 20  09:12,10d
2013 Mar 21  10:00,11d
2013 Mar 22  10:47,12d
2013 Mar 23  11:33,13d
2013 Mar 24  12:20,14d
2013 Mar 25  13:07,15d
2013 Mar 26  13:55,16d
2013 Mar 27  14:45,17d
2013 Mar 28  15:37,18d
2013 Mar 29  16:32,19d
2013 Mar 30  17:29,20d
2013 Mar 31  18:28,21d
2013 Apr 01  19:28,22d
2013 Apr 02  20:26,23d
2013 Apr 03  21:23,24d
2013 Apr 04  22:17,25d
2013 Apr 05  23:08,26d
2013 Apr 06  23:57,27d
2013 Apr 08  00:45,28d
2013 Apr 09  01:32,29d
2013 Apr 10  02:19,30d
2013 Apr 10  09:35,1d
2013 Apr 11  03:05,2d
2013 Apr 12  03:53,3d
2013 Apr 13  04:41,4d
2013 Apr 14  05:29,5d
2013 Apr 15  06:17,6d
2013 Apr 16  07:05,7d
2013 Apr 17  07:52,8d
2013 Apr 18  08:39,9d
2013 Apr 19  09:25,10d
2013 Apr 20  10:11,11d
2013 Apr 21  10:57,12d
2013 Apr 22  11:44,13d
2013 Apr 23  12:33,14d
2013 Apr 24  13:24,15d
2013 Apr 25  14:18,16d
2013 Apr 26  15:16,17d
2013 Apr 27  16:16,18d
2013 Apr 28  17:17,19d
2013 Apr 29  18:18,20d
2013 Apr 30  19:17,21d
2013 May 01  20:13,22d
2013 May 02  21:05,23d
2013 May 03  21:55,24d
2013 May 04  22:43,25d
2013 May 05  23:29,26d
2013 May 07  00:15,27d
2013 May 08  01:01,28d
2013 May 09  01:48,29d
2013 May 10  00:29,1d
2013 May 10  02:35,2d
2013 May 11  03:23,3d
2013 May 12  04:12,4d
2013 May 13  05:00,5d
2013 May 14  05:47,6d
2013 May 15  06:34,7d
2013 May 16  07:19,8d
2013 May 17  08:05,9d
2013 May 18  08:49,10d
2013 May 19  09:35,11d
2013 May 20  10:21,12d
2013 May 21  11:10,13d
2013 May 22  12:02,14d
2013 May 23  12:58,15d
2013 May 24  13:57,16d
2013 May 25  14:59,17d
2013 May 26  16:02,18d
2013 May 27  17:05,19d
2013 May 28  18:04,20d
2013 May 29  19:00,21d
2013 May 30  19:52,22d
2013 May 31  20:41,23d
2013 Jun 01  21:28,24d
2013 Jun 02  22:14,25d
2013 Jun 03  23:00,26d
2013 Jun 04  23:46,27d
2013 Jun 06  00:32,28d
2013 Jun 07  01:20,29d
2013 Jun 08  02:08,30d
2013 Jun 08  15:56,1d
2013 Jun 09  02:56,2d
2013 Jun 10  03:44,3d
2013 Jun 11  04:31,4d
2013 Jun 12  05:17,5d
2013 Jun 13  06:02,6d
2013 Jun 14  06:46,7d
2013 Jun 15  07:30,8d
2013 Jun 16  08:15,9d
2013 Jun 17  09:01,10d
2013 Jun 18  09:50,11d
2013 Jun 19  10:42,12d
2013 Jun 20  11:38,13d
2013 Jun 21  12:38,14d
2013 Jun 22  13:41,15d
2013 Jun 23  14:45,16d
2013 Jun 24  15:47,17d
2013 Jun 25  16:46,18d
2013 Jun 26  17:42,19d
2013 Jun 27  18:34,20d
2013 Jun 28  19:24,21d
2013 Jun 29  20:11,22d
2013 Jun 30  20:58,23d
2013 Jul 01  21:44,24d
2013 Jul 02  22:30,25d
2013 Jul 03  23:17,26d
2013 Jul 05  00:05,27d
2013 Jul 06  00:53,28d
2013 Jul 07  01:41,29d
2013 Jul 08  02:28,30d
2013 Jul 08  07:14,1d
2013 Jul 09  03:15,2d
2013 Jul 10  04:00,3d
2013 Jul 11  04:45,4d
2013 Jul 12  05:29,5d
2013 Jul 13  06:13,6d
2013 Jul 14  06:58,7d
2013 Jul 15  07:45,8d
2013 Jul 16  08:34,9d
2013 Jul 17  09:26,10d
2013 Jul 18  10:23,11d
2013 Jul 19  11:22,12d
2013 Jul 20  12:24,13d
2013 Jul 21  13:27,14d
2013 Jul 22  14:28,15d
2013 Jul 23  15:26,16d
2013 Jul 24  16:21,17d
2013 Jul 25  17:13,18d
2013 Jul 26  18:03,19d
2013 Jul 27  18:52,20d
2013 Jul 28  19:39,21d
2013 Jul 29  20:27,22d
2013 Jul 30  21:14,23d
2013 Jul 31  22:02,24d
2013 Aug 01  22:50,25d
2013 Aug 02  23:37,26d
2013 Aug 04  00:25,27d
2013 Aug 05  01:12,28d
2013 Aug 06  01:58,29d
2013 Aug 06  21:51,1d
2013 Aug 07  02:43,2d
2013 Aug 08  03:28,3d
2013 Aug 09  04:12,4d
2013 Aug 10  04:57,5d
2013 Aug 11  05:43,6d
2013 Aug 12  06:31,7d
2013 Aug 13  07:22,8d
2013 Aug 14  08:15,9d
2013 Aug 15  09:11,10d
2013 Aug 16  10:10,11d
2013 Aug 17  11:11,12d
2013 Aug 18  12:11,13d
2013 Aug 19  13:09,14d
2013 Aug 20  14:06,15d
2013 Aug 21  14:59,16d
2013 Aug 22  15:51,17d
2013 Aug 23  16:41,18d
2013 Aug 24  17:30,19d
2013 Aug 25  18:19,20d
2013 Aug 26  19:07,21d
2013 Aug 27  19:56,22d
2013 Aug 28  20:44,23d
2013 Aug 29  21:32,24d
2013 Aug 30  22:20,25d
2013 Aug 31  23:07,26d
2013 Sep 01  23:53,27d
2013 Sep 03  00:39,28d
2013 Sep 04  01:24,29d
2013 Sep 05  02:09,30d
2013 Sep 05  11:36,1d
2013 Sep 06  02:55,2d
2013 Sep 07  03:41,3d
2013 Sep 08  04:29,4d
2013 Sep 09  05:19,5d
2013 Sep 10  06:12,6d
2013 Sep 11  07:07,7d
2013 Sep 12  08:04,8d
2013 Sep 13  09:02,9d
2013 Sep 14  10:00,10d
2013 Sep 15  10:58,11d
2013 Sep 16  11:53,12d
2013 Sep 17  12:47,13d
2013 Sep 18  13:39,14d
2013 Sep 19  14:29,15d
2013 Sep 20  15:19,16d
2013 Sep 21  16:09,17d
2013 Sep 22  16:58,18d
2013 Sep 23  17:47,19d
2013 Sep 24  18:36,20d
2013 Sep 25  19:25,21d
2013 Sep 26  20:13,22d
2013 Sep 27  21:00,23d
2013 Sep 28  21:47,24d
2013 Sep 29  22:33,25d
2013 Sep 30  23:18,26d
2013 Oct 02  00:03,27d
2013 Oct 03  00:48,28d
2013 Oct 04  01:35,29d
2013 Oct 05  00:35,1d
2013 Oct 05  02:23,2d
2013 Oct 06  03:13,3d
2013 Oct 07  04:06,4d
2013 Oct 08  05:02,5d
2013 Oct 09  05:59,6d
2013 Oct 10  06:57,7d
2013 Oct 11  07:56,8d
2013 Oct 12  08:52,9d
2013 Oct 13  09:47,10d
2013 Oct 14  10:40,11d
2013 Oct 15  11:31,12d
2013 Oct 16  12:21,13d
2013 Oct 17  13:10,14d
2013 Oct 18  13:59,15d
2013 Oct 19  14:48,16d
2013 Oct 20  15:37,17d
2013 Oct 21  16:27,18d
2013 Oct 22  17:16,19d
2013 Oct 23  18:05,20d
2013 Oct 24  18:53,21d
2013 Oct 25  19:40,22d
2013 Oct 26  20:26,23d
2013 Oct 27  21:10,24d
2013 Oct 28  21:55,25d
2013 Oct 29  22:40,26d
2013 Oct 30  23:25,27d
2013 Nov 01  00:12,28d
2013 Nov 02  01:02,29d
2013 Nov 03  01:54,30d
2013 Nov 03  12:50,1d
2013 Nov 04  02:50,2d
2013 Nov 05  03:49,3d
2013 Nov 06  04:49,4d
2013 Nov 07  05:49,5d
2013 Nov 08  06:47,6d
2013 Nov 09  07:44,7d
2013 Nov 10  08:37,8d
2013 Nov 11  09:28,9d
2013 Nov 12  10:17,10d
2013 Nov 13  11:06,11d
2013 Nov 14  11:54,12d
2013 Nov 15  12:42,13d
2013 Nov 16  13:30,14d
2013 Nov 17  14:19,15d
2013 Nov 18  15:09,16d
2013 Nov 19  15:58,17d
2013 Nov 20  16:46,18d
2013 Nov 21  17:34,19d
2013 Nov 22  18:20,20d
2013 Nov 23  19:05,21d
2013 Nov 24  19:49,22d
2013 Nov 25  20:32,23d
2013 Nov 26  21:16,24d
2013 Nov 27  22:02,25d
2013 Nov 28  22:49,26d
2013 Nov 29  23:39,27d
2013 Dec 01  00:33,28d
2013 Dec 02  01:31,29d
2013 Dec 03  00:22,1d
2013 Dec 03  02:31,2d
2013 Dec 04  03:33,3d
2013 Dec 05  04:35,4d
2013 Dec 06  05:35,5d
2013 Dec 07  06:31,6d
2013 Dec 08  07:25,7d
2013 Dec 09  08:15,8d
2013 Dec 10  09:04,9d
2013 Dec 11  09:52,10d
2013 Dec 12  10:39,11d
2013 Dec 13  11:27,12d
2013 Dec 14  12:15,13d
2013 Dec 15  13:04,14d
2013 Dec 16  13:53,15d
2013 Dec 17  14:41,16d
2013 Dec 18  15:29,17d
2013 Dec 19  16:16,18d
2013 Dec 20  17:01,19d
2013 Dec 21  17:45,20d
2013 Dec 22  18:29,21d
2013 Dec 23  19:12,22d
2013 Dec 24  19:55,23d
2013 Dec 25  20:40,24d
2013 Dec 26  21:27,25d
2013 Dec 27  22:18,26d
2013 Dec 28  23:12,27d
2013 Dec 30  00:10,28d
2013 Dec 31  01:11,29d
2014 Jan 01  02:14,30d
2014 Jan 01  11:14,1d
2014 Jan 02  03:16,2d
2014 Jan 03  04:17,3d
2014 Jan 04  05:14,4d
2014 Jan 05  06:08,5d
2014 Jan 06  06:59,6d
2014 Jan 07  07:49,7d
2014 Jan 08  08:37,8d
2014 Jan 09  09:25,9d
2014 Jan 10  10:13,10d
2014 Jan 11  11:01,11d
2014 Jan 12  11:50,12d
2014 Jan 13  12:38,13d
2014 Jan 14  13:26,14d
2014 Jan 15  14:13,15d
2014 Jan 16  14:59,16d
2014 Jan 17  15:44,17d
2014 Jan 18  16:27,18d
2014 Jan 19  17:11,19d
2014 Jan 20  17:54,20d
2014 Jan 21  18:37,21d
2014 Jan 22  19:23,22d
2014 Jan 23  20:10,23d
2014 Jan 24  21:01,24d
2014 Jan 25  21:54,25d
2014 Jan 26  22:52,26d
2014 Jan 27  23:52,27d
2014 Jan 29  00:54,28d
2014 Jan 30  01:55,29d
2014 Jan 30  21:39,1d
2014 Jan 31  02:55,2d
2014 Feb 01  03:52,3d
2014 Feb 02  04:46,4d
2014 Feb 03  05:39,5d
2014 Feb 04  06:30,6d
2014 Feb 05  07:19,7d
2014 Feb 06  08:09,8d
2014 Feb 07  08:58,9d
2014 Feb 08  09:46,10d
2014 Feb 09  10:35,11d
2014 Feb 10  11:23,12d
2014 Feb 11  12:10,13d
2014 Feb 12  12:56,14d
2014 Feb 13  13:41,15d
2014 Feb 14  14:26,16d
2014 Feb 15  15:09,17d
2014 Feb 16  15:53,18d
2014 Feb 17  16:37,19d
2014 Feb 18  17:21,20d
2014 Feb 19  18:08,21d
2014 Feb 20  18:57,22d
2014 Feb 21  19:48,23d
2014 Feb 22  20:42,24d
2014 Feb 23  21:39,25d
2014 Feb 24  22:38,26d
2014 Feb 25  23:37,27d
2014 Feb 27  00:36,28d
2014 Feb 28  01:33,29d
2014 Mar 01  02:29,30d
2014 Mar 01  08:00,1d
2014 Mar 02  03:23,2d
2014 Mar 03  04:16,3d
2014 Mar 04  05:08,4d
2014 Mar 05  05:59,5d
2014 Mar 06  06:49,6d
2014 Mar 07  07:39,7d
2014 Mar 08  08:29,8d
2014 Mar 09  09:18,9d
2014 Mar 10  10:05,10d
2014 Mar 11  10:52,11d
2014 Mar 12  11:37,12d
2014 Mar 13  12:22,13d
2014 Mar 14  13:06,14d
2014 Mar 15  13:50,15d
2014 Mar 16  14:34,16d
2014 Mar 17  15:19,17d
2014 Mar 18  16:06,18d
2014 Mar 19  16:54,19d
2014 Mar 20  17:45,20d
2014 Mar 21  18:38,21d
2014 Mar 22  19:34,22d
2014 Mar 23  20:31,23d
2014 Mar 24  21:28,24d
2014 Mar 25  22:25,25d
2014 Mar 26  23:21,26d
2014 Mar 28  00:15,27d
2014 Mar 29  01:09,28d
2014 Mar 30  02:01,29d
2014 Mar 30  18:45,1d
2014 Mar 31  02:53,2d
2014 Apr 01  03:45,3d
2014 Apr 02  04:37,4d
2014 Apr 03  05:28,5d
2014 Apr 04  06:19,6d
2014 Apr 05  07:09,7d
2014 Apr 06  07:58,8d
2014 Apr 07  08:46,9d
2014 Apr 08  09:32,10d
2014 Apr 09  10:17,11d
2014 Apr 10  11:01,12d
2014 Apr 11  11:44,13d
2014 Apr 12  12:28,14d
2014 Apr 13  13:13,15d
2014 Apr 14  14:00,16d
2014 Apr 15  14:48,17d
2014 Apr 16  15:39,18d
2014 Apr 17  16:33,19d
2014 Apr 18  17:29,20d
2014 Apr 19  18:26,21d
2014 Apr 20  19:23,22d
2014 Apr 21  20:20,23d
2014 Apr 22  21:15,24d
2014 Apr 23  22:09,25d
2014 Apr 24  23:01,26d
2014 Apr 25  23:53,27d
2014 Apr 27  00:43,28d
2014 Apr 28  01:34,29d
2014 Apr 29  02:25,30d
2014 Apr 29  06:14,1d
2014 Apr 30  03:17,2d
2014 May 01  04:08,3d
2014 May 02  04:59,4d
2014 May 03  05:50,5d
2014 May 04  06:38,6d
2014 May 05  07:25,7d
2014 May 06  08:10,8d
2014 May 07  08:55,9d
2014 May 08  09:38,10d
2014 May 09  10:21,11d
2014 May 10  11:05,12d
2014 May 11  11:51,13d
2014 May 12  12:38,14d
2014 May 13  13:29,15d
2014 May 14  14:22,16d
2014 May 15  15:19,17d
2014 May 16  16:17,18d
2014 May 17  17:16,19d
2014 May 18  18:15,20d
2014 May 19  19:11,21d
2014 May 20  20:06,22d
2014 May 21  20:58,23d
2014 May 22  21:49,24d
2014 May 23  22:39,25d
2014 May 24  23:29,26d
2014 May 26  00:19,27d
2014 May 27  01:09,28d
2014 May 28  02:00,29d
2014 May 28  18:40,1d
2014 May 29  02:51,2d
2014 May 30  03:41,3d
2014 May 31  04:31,4d
2014 Jun 01  05:19,5d
2014 Jun 02  06:05,6d
2014 Jun 03  06:50,7d
2014 Jun 04  07:33,8d
2014 Jun 05  08:16,9d
2014 Jun 06  08:59,10d
2014 Jun 07  09:43,11d
2014 Jun 08  10:29,12d
2014 Jun 09  11:17,13d
2014 Jun 10  12:08,14d
2014 Jun 11  13:03,15d
2014 Jun 12  14:02,16d
2014 Jun 13  15:02,17d
2014 Jun 14  16:03,18d
2014 Jun 15  17:02,19d
2014 Jun 16  18:00,20d
2014 Jun 17  18:54,21d
2014 Jun 18  19:47,22d
2014 Jun 19  20:37,23d
2014 Jun 20  21:27,24d
2014 Jun 21  22:16,25d
2014 Jun 22  23:06,26d
2014 Jun 23  23:56,27d
2014 Jun 25  00:46,28d
2014 Jun 26  01:36,29d
2014 Jun 27  02:25,30d
2014 Jun 27  08:09,1d
2014 Jun 28  03:14,2d
2014 Jun 29  04:01,3d
2014 Jun 30  04:46,4d
2014 Jul 01  05:30,5d
2014 Jul 02  06:13,6d
2014 Jul 03  06:55,7d
2014 Jul 04  07:38,8d
2014 Jul 05  08:22,9d
2014 Jul 06  09:08,10d
2014 Jul 07  09:56,11d
2014 Jul 08  10:48,12d
2014 Jul 09  11:44,13d
2014 Jul 10  12:43,14d
2014 Jul 11  13:44,15d
2014 Jul 12  14:45,16d
2014 Jul 13  15:45,17d
2014 Jul 14  16:43,18d
2014 Jul 15  17:39,19d
2014 Jul 16  18:32,20d
2014 Jul 17  19:23,21d
2014 Jul 18  20:14,22d
2014 Jul 19  21:04,23d
2014 Jul 20  21:54,24d
2014 Jul 21  22:43,25d
2014 Jul 22  23:33,26d
2014 Jul 24  00:22,27d
2014 Jul 25  01:11,28d
2014 Jul 26  01:58,29d
2014 Jul 26  22:42,1d
2014 Jul 27  02:44,2d
2014 Jul 28  03:28,3d
2014 Jul 29  04:11,4d
2014 Jul 30  04:54,5d
2014 Jul 31  05:36,6d
2014 Aug 01  06:19,7d
2014 Aug 02  07:04,8d
2014 Aug 03  07:50,9d
2014 Aug 04  08:39,10d
2014 Aug 05  09:31,11d
2014 Aug 06  10:27,12d
2014 Aug 07  11:25,13d
2014 Aug 08  12:25,14d
2014 Aug 09  13:26,15d
2014 Aug 10  14:26,16d
2014 Aug 11  15:23,17d
2014 Aug 12  16:19,18d
2014 Aug 13  17:13,19d
2014 Aug 14  18:06,20d
2014 Aug 15  18:58,21d
2014 Aug 16  19:49,22d
2014 Aug 17  20:40,23d
2014 Aug 18  21:30,24d
2014 Aug 19  22:20,25d
2014 Aug 20  23:08,26d
2014 Aug 21  23:56,27d
2014 Aug 23  00:42,28d
2014 Aug 24  01:26,29d
2014 Aug 25  02:10,30d
2014 Aug 25  14:13,1d
2014 Aug 26  02:53,2d
2014 Aug 27  03:36,3d
2014 Aug 28  04:19,4d
2014 Aug 29  05:02,5d
2014 Aug 30  05:48,6d
2014 Aug 31  06:35,7d
2014 Sep 01  07:25,8d
2014 Sep 02  08:18,9d
2014 Sep 03  09:13,10d
2014 Sep 04  10:10,11d
2014 Sep 05  11:09,12d
2014 Sep 06  12:07,13d
2014 Sep 07  13:05,14d
2014 Sep 08  14:02,15d
2014 Sep 09  14:57,16d
2014 Sep 10  15:52,17d
2014 Sep 11  16:46,18d
2014 Sep 12  17:39,19d
2014 Sep 13  18:31,20d
2014 Sep 14  19:23,21d
2014 Sep 15  20:14,22d
2014 Sep 16  21:04,23d
2014 Sep 17  21:52,24d
2014 Sep 18  22:39,25d
2014 Sep 19  23:24,26d
2014 Sep 21  00:08,27d
2014 Sep 22  00:51,28d
2014 Sep 23  01:34,29d
2014 Sep 24  02:17,30d
2014 Sep 24  06:14,1d
2014 Sep 25  03:01,2d
2014 Sep 26  03:46,3d
2014 Sep 27  04:33,4d
2014 Sep 28  05:22,5d
2014 Sep 29  06:14,6d
2014 Sep 30  07:07,7d
2014 Oct 01  08:03,8d
2014 Oct 02  08:59,9d
2014 Oct 03  09:55,10d
2014 Oct 04  10:51,11d
2014 Oct 05  11:47,12d
2014 Oct 06  12:41,13d
2014 Oct 07  13:36,14d
2014 Oct 08  14:30,15d
2014 Oct 09  15:24,16d
2014 Oct 10  16:18,17d
2014 Oct 11  17:11,18d
2014 Oct 12  18:04,19d
2014 Oct 13  18:56,20d
2014 Oct 14  19:45,21d
2014 Oct 15  20:33,22d
2014 Oct 16  21:19,23d
2014 Oct 17  22:04,24d
2014 Oct 18  22:47,25d
2014 Oct 19  23:30,26d
2014 Oct 21  00:13,27d
2014 Oct 22  00:57,28d
2014 Oct 23  01:42,29d
2014 Oct 23  21:57,1d
2014 Oct 24  02:29,2d
2014 Oct 25  03:18,3d
2014 Oct 26  04:10,4d
2014 Oct 27  05:03,5d
2014 Oct 28  05:59,6d
2014 Oct 29  06:54,7d
2014 Oct 30  07:50,8d
2014 Oct 31  08:45,9d
2014 Nov 01  09:39,10d
2014 Nov 02  10:32,11d
2014 Nov 03  11:24,12d
2014 Nov 04  12:17,13d
2014 Nov 05  13:10,14d
2014 Nov 06  14:03,15d
2014 Nov 07  14:57,16d
2014 Nov 08  15:51,17d
2014 Nov 09  16:44,18d
2014 Nov 10  17:35,19d
2014 Nov 11  18:25,20d
2014 Nov 12  19:12,21d
2014 Nov 13  19:58,22d
2014 Nov 14  20:42,23d
2014 Nov 15  21:25,24d
2014 Nov 16  22:07,25d
2014 Nov 17  22:50,26d
2014 Nov 18  23:35,27d
2014 Nov 20  00:21,28d
2014 Nov 21  01:10,29d
2014 Nov 22  02:01,30d
2014 Nov 22  12:32,1d
2014 Nov 23  02:55,2d
2014 Nov 24  03:51,3d
2014 Nov 25  04:48,4d
2014 Nov 26  05:46,5d
2014 Nov 27  06:41,6d
2014 Nov 28  07:36,7d
2014 Nov 29  08:29,8d
2014 Nov 30  09:20,9d
2014 Dec 01  10:11,10d
2014 Dec 02  11:02,11d
2014 Dec 03  11:54,12d
2014 Dec 04  12:46,13d
2014 Dec 05  13:39,14d
2014 Dec 06  14:32,15d
2014 Dec 07  15:25,16d
2014 Dec 08  16:15,17d
2014 Dec 09  17:04,18d
2014 Dec 10  17:51,19d
2014 Dec 11  18:36,20d
2014 Dec 12  19:20,21d
2014 Dec 13  20:02,22d
2014 Dec 14  20:44,23d
2014 Dec 15  21:27,24d
2014 Dec 16  22:12,25d
2014 Dec 17  22:59,26d
2014 Dec 18  23:48,27d
2014 Dec 20  00:41,28d
2014 Dec 21  01:37,29d
2014 Dec 22  01:36,1d
2014 Dec 22  02:35,2d
2014 Dec 23  03:34,3d
2014 Dec 24  04:33,4d
2014 Dec 25  05:30,5d
2014 Dec 26  06:24,6d
2014 Dec 27  07:17,7d
2014 Dec 28  08:09,8d
2014 Dec 29  09:00,9d
2014 Dec 30  09:51,10d
2014 Dec 31  10:42,11d
2015 Jan 20  13:14,1d
2015 Feb 18  23:47,1d
2015 Mar 20  09:36,1d
2015 Apr 18  18:57,1d
2015 May 18  04:13,1d
2015 Jun 16  14:05,1d
2015 Jul 16  01:24,1d
2015 Aug 14  14:54,1d
2015 Sep 13  06:41,1d
2015 Oct 13  00:06,1d
2015 Nov 11  17:47,1d
2015 Dec 11  10:29,1d
