2001-01-24,-1.400,1d,True
2001-02-23,1.950,1d,True
2001-04-23,-1.300,1d,True
2001-05-23,1.100,1d,True
2001-06-21,0.250,1d,True
2001-07-20,-1.450,1d,True
2001-09-17,6.500,1d,True
2001-10-16,-2.500,1d,True
2001-11-15,-1.500,1d,True
2001-12-14,0.900,1d,True
2002-02-12,-2.600,1d,True
2002-03-14,-1.050,1d,True
2002-04-12,-0.150,1d,True
2002-06-10,-3.450,1d,True
2002-07-10,3.500,1d,True
2002-08-08,5.150,1d,True
2002-11-04,-1.550,1d,True
2002-12-04,3.000,1d,True
2003-03-03,0.800,1d,True
2003-04-01,0.300,1d,True
2003-05-01,2.950,1d,True
2003-07-29,2.050,1d,True
2003-08-27,3.550,1d,True
2003-09-26,-7.750,1d,True
2003-12-23,-1.200,1d,True
2004-01-05,2.550,6d,False
2004-01-06,10.250,7d,False
2004-01-07,-7.350,8d,False
2004-01-08,-2.550,9d,False
2004-01-09,4.700,10d,False
2004-01-12,5.400,13d,False
2004-01-13,-3.700,14d,False
2004-01-15,-5.500,15d,False
2004-01-16,-5.200,16d,False
2004-01-19,-3.200,19d,False
2004-01-20,1.200,20d,False
2004-01-21,2.950,21d,True
2004-01-22,0.750,2d,False
2004-01-23,-0.600,3d,False
2004-01-26,-5.200,6d,False
2004-01-27,-2.200,7d,False
2004-01-28,6.700,8d,False
2004-01-29,-0.550,9d,False
2004-01-30,-8.850,10d,False
2004-02-02,0.550,13d,False
2004-02-03,-0.100,14d,False
2004-02-04,-2.150,15d,False
2004-02-05,-0.300,16d,False
2004-02-06,-2.900,17d,False
2004-02-09,10.300,20d,False
2004-02-10,1.650,21d,False
2004-02-11,-1.950,22d,False
2004-02-13,0.700,23d,False
2004-02-16,-1.400,26d,False
2004-02-17,3.000,27d,False
2004-02-18,2.200,28d,False
2004-02-19,-5.700,29d,False
2004-02-20,-1.950,30d,True
2004-02-23,-8.400,4d,False
2004-02-24,1.600,5d,False
2004-02-25,1.950,6d,False
2004-02-26,-8.350,7d,False
2004-02-27,-2.800,8d,False
2004-03-01,6.250,11d,False
2004-03-02,0.100,12d,False
2004-03-03,-8.250,13d,False
2004-03-04,3.800,14d,False
2004-03-05,-0.650,15d,False
2004-03-08,5.900,18d,False
2004-03-09,1.800,19d,False
2004-03-10,-0.400,20d,False
2004-03-11,-3.400,21d,False
2004-03-15,-1.750,24d,False
2004-03-16,0.600,25d,False
2004-03-17,2.400,26d,False
2004-03-18,5.150,27d,False
2004-03-19,3.850,28d,False
2004-03-22,3.100,3d,False
2004-03-23,1.100,4d,False
2004-03-24,2.400,5d,False
2004-03-25,-1.000,6d,False
2004-03-26,0.900,7d,False
2004-03-29,3.400,10d,False
2004-03-30,-1.750,11d,False
2004-03-31,3.850,12d,False
2004-04-01,2.300,13d,False
2004-04-02,0.800,14d,False
2004-04-05,-5.550,17d,False
2004-04-06,-3.600,18d,False
2004-04-07,2.300,19d,False
2004-04-08,2.750,20d,False
2004-04-14,-11.700,25d,False
2004-04-15,-7.750,26d,False
2004-04-16,1.750,27d,False
2004-04-19,5.550,30d,True
2004-04-20,-6.500,2d,False
2004-04-21,-5.050,3d,False
2004-04-22,-2.400,4d,False
2004-04-23,4.900,5d,False
2004-04-26,0.250,8d,False
2004-04-27,0.650,9d,False
2004-04-28,-0.400,10d,False
2004-04-29,-14.000,11d,False
2004-04-30,4.550,12d,False
2004-05-05,4.550,17d,False
2004-05-06,-2.300,18d,False
2004-05-07,-5.150,19d,False
2004-05-10,-12.750,21d,False
2004-05-11,3.900,22d,False
2004-05-12,3.150,23d,False
2004-05-13,-5.650,24d,False
2004-05-14,-2.000,25d,False
2004-05-17,7.300,28d,False
2004-05-18,-1.800,29d,False
2004-05-19,1.200,30d,True
2004-05-20,0.250,2d,False
2004-05-21,1.800,3d,False
2004-05-24,1.600,6d,False
2004-05-25,3.750,7d,False
2004-05-26,2.900,8d,False
2004-05-27,0.950,9d,False
2004-05-28,2.400,10d,False
2004-06-02,0.000,15d,False
2004-06-03,-4.450,16d,False
2004-06-04,-3.300,17d,False
2004-06-07,5.350,20d,False
2004-06-09,-5.650,21d,False
2004-06-10,-5.050,22d,False
2004-06-11,0.300,23d,False
2004-06-14,-1.650,26d,False
2004-06-15,-0.600,27d,False
2004-06-16,5.450,28d,False
2004-06-17,-1.750,29d,True
2004-06-18,2.700,2d,False
2004-06-21,5.150,5d,False
2004-06-22,0.750,6d,False
2004-06-23,0.650,7d,False
2004-06-24,1.500,8d,False
2004-06-25,4.400,9d,False
2004-06-28,0.550,12d,False
2004-06-29,-4.950,13d,False
2004-06-30,-3.000,14d,False
2004-07-01,0.750,15d,False
2004-07-02,0.200,16d,False
2004-07-05,3.700,19d,False
2004-07-06,0.000,20d,False
2004-07-07,-1.050,21d,False
2004-07-08,4.850,22d,False
2004-07-09,4.400,23d,False
2004-07-12,1.950,25d,False
2004-07-13,-4.300,26d,False
2004-07-14,-0.950,27d,False
2004-07-15,0.600,28d,False
2004-07-16,-0.200,29d,False
2004-07-19,3.250,3d,False
2004-07-20,-1.450,4d,False
2004-07-21,-4.400,5d,False
2004-07-22,-6.100,6d,False
2004-07-23,-2.150,7d,False
2004-07-26,-1.200,10d,False
2004-07-27,0.600,11d,False
2004-07-28,-6.050,12d,False
2004-07-29,2.550,13d,False
2004-07-30,0.850,14d,False
2004-08-02,3.650,17d,False
2004-08-03,-2.650,18d,False
2004-08-04,2.100,19d,False
2004-08-05,-0.900,20d,False
2004-08-06,0.450,21d,False
2004-08-09,6.350,24d,False
2004-08-11,-2.800,25d,False
2004-08-12,0.000,26d,False
2004-08-13,-3.500,27d,False
2004-08-16,6.550,1d,True
2004-08-17,2.150,3d,False
2004-08-18,1.750,4d,False
2004-08-19,3.100,5d,False
2004-08-20,-0.500,6d,False
2004-08-23,4.150,9d,False
2004-08-24,-3.050,10d,False
2004-08-25,-1.400,11d,False
2004-08-26,0.450,12d,False
2004-08-27,0.900,13d,False
2004-09-01,-0.100,18d,False
2004-09-02,-0.200,19d,False
2004-09-03,-2.000,20d,False
2004-09-06,-4.200,23d,False
2004-09-07,0.200,24d,False
2004-09-09,1.150,25d,False
2004-09-10,1.400,26d,False
2004-09-13,0.100,29d,False
2004-09-14,2.750,30d,True
2004-09-15,1.300,2d,False
2004-09-16,-0.400,3d,False
2004-09-17,0.200,4d,False
2004-09-20,-0.450,7d,False
2004-09-21,1.300,8d,False
2004-09-22,2.050,9d,False
2004-09-23,0.550,10d,False
2004-09-24,1.400,11d,False
2004-09-27,-0.450,14d,False
2004-09-28,1.300,15d,False
2004-09-29,1.250,16d,False
2004-09-30,0.800,17d,False
2004-10-01,5.800,18d,False
2004-10-04,-1.300,21d,False
2004-10-05,-2.600,22d,False
2004-10-06,3.700,23d,False
2004-10-07,-0.050,24d,False
2004-10-11,3.700,27d,False
2004-10-12,-3.550,28d,False
2004-10-13,-5.750,29d,False
2004-10-14,2.200,1d,True
2004-10-15,3.150,3d,False
2004-10-18,0.700,6d,False
2004-10-19,-2.250,7d,False
2004-10-20,5.450,8d,False
2004-10-21,3.800,9d,False
2004-10-22,-3.100,10d,False
2004-10-25,6.600,13d,False
2004-10-26,-1.850,14d,False
2004-10-27,-1.300,15d,False
2004-10-28,-2.000,16d,False
2004-10-29,2.350,17d,False
2004-11-01,1.900,20d,False
2004-11-02,-3.000,21d,False
2004-11-03,-2.900,22d,False
2004-11-04,4.100,23d,False
2004-11-05,2.450,24d,False
2004-11-08,4.200,26d,False
2004-11-09,-0.650,27d,False
2004-11-10,2.800,28d,False
2004-11-11,-1.750,29d,False
2004-11-12,3.550,30d,True
2004-11-15,2.600,4d,False
2004-11-16,-1.550,5d,False
2004-11-17,6.550,6d,False
2004-11-18,-0.200,7d,False
2004-11-19,-0.600,8d,False
2004-11-22,3.300,11d,False
2004-11-23,0.000,12d,False
2004-11-24,1.650,13d,False
2004-11-25,3.050,14d,False
2004-11-26,-0.150,15d,False
2004-11-29,-1.150,18d,False
2004-11-30,1.600,19d,False
2004-12-01,-0.900,20d,False
2004-12-02,3.250,21d,False
2004-12-03,-5.200,22d,False
2004-12-06,6.600,24d,False
2004-12-07,-2.000,25d,False
2004-12-08,-8.000,26d,False
2004-12-09,-8.400,27d,False
2004-12-10,-3.450,28d,False
2004-12-13,3.050,3d,False
2004-12-14,1.650,4d,False
2004-12-15,-0.800,5d,False
2004-12-16,3.450,6d,False
2004-12-17,-2.050,7d,False
2004-12-20,2.550,10d,False
2004-12-21,0.100,11d,False
2004-12-22,0.850,12d,False
2004-12-23,-0.300,13d,False
2004-12-24,-0.200,14d,False
2004-12-30,-8.350,20d,False
2004-12-31,2.850,21d,False
2005-01-05,-1.300,25d,False
2005-01-06,0.300,26d,False
2005-01-07,-2.650,27d,False
2005-01-10,-1.900,30d,True
2005-01-11,1.300,2d,False
2005-01-12,-0.850,3d,False
2005-01-13,2.950,4d,False
2005-01-14,-2.950,5d,False
2005-01-17,1.150,8d,False
2005-01-18,-0.300,9d,False
2005-01-19,1.550,10d,False
2005-01-20,-2.400,11d,False
2005-01-21,1.600,12d,False
2005-01-24,4.300,15d,False
2005-01-25,-1.400,16d,False
2005-01-26,-2.500,17d,False
2005-01-27,2.600,18d,False
2005-01-28,0.100,19d,False
2005-01-31,-2.600,22d,False
2005-02-02,0.750,23d,False
2005-02-03,-2.100,24d,False
2005-02-04,-3.300,25d,False
2005-02-07,-2.000,28d,False
2005-02-08,-3.000,29d,True
2005-02-09,1.700,2d,False
2005-02-10,0.300,3d,False
2005-02-11,3.550,4d,False
2005-02-14,5.750,7d,False
2005-02-15,1.800,8d,False
2005-02-16,-0.450,9d,False
2005-02-17,2.450,10d,False
2005-02-18,-0.050,11d,False
2005-02-21,0.550,14d,False
2005-02-22,3.650,15d,False
2005-02-23,2.500,16d,False
2005-02-24,1.500,17d,False
2005-02-25,-2.350,18d,False
2005-02-28,4.150,21d,False
2005-03-01,-1.900,22d,False
2005-03-03,4.100,23d,False
2005-03-04,-3.600,24d,False
2005-03-07,3.950,27d,False
2005-03-08,1.250,28d,False
2005-03-09,5.050,29d,False
2005-03-10,0.300,30d,True
2005-03-11,0.750,2d,False
2005-03-14,1.800,5d,False
2005-03-15,-0.750,6d,False
2005-03-16,-0.800,7d,False
2005-03-17,1.450,8d,False
2005-03-18,-6.000,9d,False
2005-03-21,-0.400,12d,False
2005-03-22,-5.600,13d,False
2005-03-23,-3.400,14d,False
2005-03-24,-2.350,15d,False
2005-03-31,1.000,21d,False
2005-04-01,-0.050,22d,False
2005-04-04,-1.500,25d,False
2005-04-05,-2.250,26d,False
2005-04-06,2.900,27d,False
2005-04-07,-0.200,28d,False
2005-04-08,-1.000,29d,True
2005-04-11,2.700,4d,False
2005-04-12,1.050,5d,False
2005-04-13,-0.300,6d,False
2005-04-14,-1.650,7d,False
2005-04-15,-3.550,8d,False
2005-04-18,2.000,11d,False
2005-04-19,1.250,12d,False
2005-04-20,5.500,13d,False
2005-04-21,1.000,14d,False
2005-04-22,0.000,15d,False
2005-04-25,-0.400,18d,False
2005-04-26,1.700,19d,False
2005-04-27,-0.600,20d,False
2005-04-29,0.450,21d,False
2005-05-04,0.000,26d,False
2005-05-05,1.300,27d,False
2005-05-06,-0.800,28d,False
2005-05-09,-3.900,2d,False
2005-05-10,1.100,3d,False
2005-05-11,1.450,4d,False
2005-05-12,-2.100,5d,False
2005-05-13,-4.800,6d,False
2005-05-16,-1.550,9d,False
2005-05-17,0.450,10d,False
2005-05-18,-0.950,11d,False
2005-05-19,2.350,12d,False
2005-05-20,-1.050,13d,False
2005-05-23,-3.100,16d,False
2005-05-24,0.650,17d,False
2005-05-25,0.250,18d,False
2005-05-26,0.250,19d,False
2005-05-27,-0.150,20d,False
2005-06-01,-0.800,24d,False
2005-06-02,1.100,25d,False
2005-06-03,6.000,26d,False
2005-06-06,1.600,29d,True
2005-06-07,1.800,2d,False
2005-06-08,-1.700,3d,False
2005-06-09,-1.350,4d,False
2005-06-10,-0.800,5d,False
2005-06-13,2.850,8d,False
2005-06-14,1.350,9d,False
2005-06-15,-0.300,10d,False
2005-06-16,4.650,11d,False
2005-06-17,4.750,12d,False
2005-06-20,4.450,15d,False
2005-06-21,-6.150,16d,False
2005-06-22,3.150,17d,False
2005-06-23,-0.350,18d,False
2005-06-24,5.800,19d,False
2005-06-27,-3.600,22d,False
2005-06-29,-2.600,23d,False
2005-06-30,1.900,24d,False
2005-07-01,-2.600,25d,False
2005-07-04,-6.600,28d,False
2005-07-05,-1.600,29d,False
2005-07-06,-2.150,30d,True
2005-07-07,4.000,2d,False
2005-07-08,-4.100,3d,False
2005-07-11,1.250,6d,False
2005-07-12,1.950,7d,False
2005-07-13,-1.400,8d,False
2005-07-14,-3.050,9d,False
2005-07-15,-2.900,10d,False
2005-07-18,2.000,13d,False
2005-07-19,-1.600,14d,False
2005-07-20,0.650,15d,False
2005-07-21,3.000,16d,False
2005-07-22,2.700,17d,False
2005-07-25,-1.500,20d,False
2005-07-26,-0.350,21d,False
2005-07-27,-1.750,22d,False
2005-07-28,2.550,23d,False
2005-07-29,1.850,24d,False
2005-08-01,4.200,26d,False
2005-08-02,0.500,27d,False
2005-08-03,1.750,28d,False
2005-08-04,2.000,29d,False
2005-08-05,1.900,1d,True
2005-08-08,-0.650,5d,False
2005-08-09,-2.150,6d,False
2005-08-10,1.600,7d,False
2005-08-11,1.500,8d,False
2005-08-12,9.450,9d,False
2005-08-15,-4.650,12d,False
2005-08-16,-1.750,13d,False
2005-08-17,3.400,14d,False
2005-08-18,-5.250,15d,False
2005-08-19,0.250,16d,False
2005-08-22,-1.750,19d,False
2005-08-23,2.350,20d,False
2005-08-24,-1.600,21d,False
2005-08-25,0.750,22d,False
2005-08-26,-0.500,23d,False
2005-08-31,-3.150,27d,False
2005-09-01,2.500,28d,False
2005-09-02,10.800,29d,False
2005-09-05,-0.700,3d,False
2005-09-06,-2.100,4d,False
2005-09-07,1.000,5d,False
2005-09-08,0.300,6d,False
2005-09-09,1.900,7d,False
2005-09-12,2.450,10d,False
2005-09-13,-0.450,11d,False
2005-09-14,-0.850,12d,False
2005-09-15,1.250,13d,False
2005-09-16,9.000,14d,False
2005-09-19,3.850,17d,False
2005-09-20,8.050,18d,False
2005-09-21,-3.000,19d,False
2005-09-22,5.750,20d,False
2005-09-23,-8.250,21d,False
2005-09-26,-3.450,24d,False
2005-09-28,-3.650,25d,False
2005-09-29,10.500,26d,False
2005-09-30,0.900,27d,False
2005-10-03,-8.400,30d,True
2005-10-04,2.500,2d,False
2005-10-05,-2.250,3d,False
2005-10-06,1.050,4d,False
2005-10-07,5.700,5d,False
2005-10-10,5.500,8d,False
2005-10-11,-2.000,9d,False
2005-10-12,3.000,10d,False
2005-10-13,-7.250,11d,False
2005-10-14,-0.550,12d,False
2005-10-17,1.650,15d,False
2005-10-18,0.650,16d,False
2005-10-19,-4.600,17d,False
2005-10-20,-4.400,18d,False
2005-10-21,-0.850,19d,False
2005-10-24,0.600,22d,False
2005-10-25,3.250,23d,False
2005-10-27,1.700,24d,False
2005-10-28,0.400,25d,False
2005-10-31,-1.000,28d,False
2005-11-01,-7.100,29d,False
2005-11-02,-3.900,1d,True
2005-11-03,3.150,3d,False
2005-11-04,-3.450,4d,False
2005-11-07,-3.750,7d,False
2005-11-08,-0.450,8d,False
2005-11-09,5.450,9d,False
2005-11-10,4.400,10d,False
2005-11-11,-1.100,11d,False
2005-11-14,3.850,14d,False
2005-11-15,-2.200,15d,False
2005-11-16,3.100,16d,False
2005-11-17,10.100,17d,False
2005-11-18,7.150,18d,False
2005-11-21,0.100,21d,False
2005-11-22,5.000,22d,False
2005-11-23,-4.150,23d,False
2005-11-25,2.950,24d,False
2005-11-28,1.600,27d,False
2005-11-29,-0.200,28d,False
2005-11-30,-3.300,29d,False
2005-12-01,0.600,30d,True
2005-12-02,10.350,2d,False
2005-12-05,0.250,5d,False
2005-12-06,3.250,6d,False
2005-12-07,4.050,7d,False
2005-12-08,2.550,8d,False
2005-12-09,9.900,9d,False
2005-12-12,12.750,12d,False
2005-12-13,-14.700,13d,False
2005-12-14,-9.050,14d,False
2005-12-15,-11.350,15d,False
2005-12-16,0.100,16d,False
2005-12-19,4.950,19d,False
2005-12-20,-1.700,20d,False
2005-12-21,-11.250,21d,False
2005-12-22,0.250,22d,False
2005-12-29,7.850,28d,False
2005-12-30,-4.000,29d,False
2006-01-04,13.600,6d,False
2006-01-05,-2.750,7d,False
2006-01-06,-2.100,8d,False
2006-01-09,11.500,11d,False
2006-01-10,4.250,12d,False
2006-01-11,-3.000,13d,False
2006-01-12,5.250,14d,False
2006-01-13,-0.250,15d,False
2006-01-16,12.150,18d,False
2006-01-17,-1.350,19d,False
2006-01-18,-13.300,20d,False
2006-01-19,2.950,21d,False
2006-01-20,11.550,22d,False
2006-01-23,-0.750,24d,False
2006-01-24,-1.850,25d,False
2006-01-25,5.600,26d,False
2006-01-26,0.000,27d,False
2006-01-27,-2.500,28d,False
2006-01-30,0.550,2d,False
2006-01-31,9.500,3d,False
2006-02-01,-2.600,4d,False
2006-02-02,4.650,5d,False
2006-02-03,0.000,6d,False
2006-02-06,-1.850,9d,False
2006-02-07,-1.750,10d,False
2006-02-08,-19.600,11d,False
2006-02-09,10.350,12d,False
2006-02-10,-0.250,13d,False
2006-02-13,-12.150,16d,False
2006-02-14,-6.100,17d,False
2006-02-15,3.800,18d,False
2006-02-16,-3.650,19d,False
2006-02-17,5.100,20d,False
2006-02-20,10.250,22d,False
2006-02-21,-2.600,23d,False
2006-02-22,-1.650,24d,False
2006-02-23,0.750,25d,False
2006-02-24,-1.750,26d,False
2006-02-27,5.350,29d,False
2006-02-28,0.400,1d,True
2006-03-01,6.100,3d,False
2006-03-02,1.150,4d,False
2006-03-03,4.850,5d,False
2006-03-06,-0.600,8d,False
2006-03-07,-12.750,9d,False
2006-03-08,-6.650,10d,False
2006-03-09,-1.350,11d,False
2006-03-10,-1.850,12d,False
2006-03-13,-0.150,15d,False
2006-03-14,0.000,16d,False
2006-03-15,6.000,17d,False
2006-03-16,2.000,18d,False
2006-03-17,2.250,19d,False
2006-03-21,-1.250,22d,False
2006-03-22,-4.500,23d,False
2006-03-23,-0.500,24d,False
2006-03-24,1.750,25d,False
2006-03-27,14.250,28d,False
2006-03-28,-0.250,29d,False
2006-03-29,-1.500,30d,True
2006-03-30,16.250,2d,False
2006-03-31,5.500,3d,False
2006-04-03,1.500,6d,False
2006-04-04,-0.500,7d,False
2006-04-05,-1.150,8d,False
2006-04-06,11.650,9d,False
2006-04-07,1.500,10d,False
2006-04-10,0.500,13d,False
2006-04-11,2.000,14d,False
2006-04-12,-2.750,15d,False
2006-04-13,0.250,16d,False
2006-04-19,7.000,21d,False
2006-04-20,20.750,22d,False
2006-04-21,-21.000,23d,False
2006-04-24,10.500,26d,False
2006-04-25,-6.250,27d,False
2006-04-26,3.000,28d,False
2006-04-27,5.750,29d,True
2006-04-28,1.750,2d,False
2006-05-03,17.500,7d,False
2006-05-04,-10.600,8d,False
2006-05-05,17.350,9d,False
2006-05-08,0.000,12d,False
2006-05-09,-2.250,13d,False
2006-05-10,24.550,14d,False
2006-05-11,2.700,15d,False
2006-05-12,18.750,16d,False
2006-05-15,-32.750,19d,False
2006-05-16,-12.000,20d,False
2006-05-17,32.000,21d,False
2006-05-19,-6.000,22d,False
2006-05-22,-36.500,25d,False
2006-05-23,16.200,26d,False
2006-05-24,5.800,27d,False
2006-05-25,-23.750,28d,False
2006-05-26,8.250,29d,False
2006-05-31,1.750,5d,False
2006-06-01,-20.750,6d,False
2006-06-02,-2.450,7d,False
2006-06-05,13.700,10d,False
2006-06-06,-9.900,11d,False
2006-06-07,-11.100,12d,False
2006-06-08,-4.500,13d,False
2006-06-09,-6.750,14d,False
2006-06-12,-4.500,17d,False
2006-06-13,-17.000,18d,False
2006-06-14,-23.500,19d,False
2006-06-15,7.000,20d,False
2006-06-16,7.250,21d,False
2006-06-19,-11.750,23d,False
2006-06-20,1.250,24d,False
2006-06-21,5.500,25d,False
2006-06-22,17.900,26d,False
2006-06-23,-11.800,27d,False
2006-06-26,3.650,2d,False
2006-06-27,1.450,3d,False
2006-06-28,-3.700,4d,False
2006-06-29,-2.250,5d,False
2006-06-30,18.650,6d,False
2006-07-03,19.100,9d,False
2006-07-04,1.400,10d,False
2006-07-05,4.850,11d,False
2006-07-06,-2.000,12d,False
2006-07-07,7.250,13d,False
2006-07-10,-6.500,16d,False
2006-07-11,3.850,17d,False
2006-07-12,13.650,18d,False
2006-07-13,6.800,19d,False
2006-07-14,11.600,20d,False
2006-07-17,11.100,23d,False
2006-07-18,-24.000,24d,False
2006-07-20,16.900,25d,False
2006-07-21,-16.150,26d,False
2006-07-24,-10.350,29d,False
2006-07-25,2.350,1d,True
2006-07-26,-1.000,3d,False
2006-07-27,16.450,4d,False
2006-07-28,-2.950,5d,False
2006-07-31,5.750,8d,False
2006-08-01,-1.500,9d,False
2006-08-02,12.750,10d,False
2006-08-03,-2.000,11d,False
2006-08-04,-1.750,12d,False
2006-08-07,2.750,15d,False
2006-08-08,-1.850,16d,False
2006-08-09,-4.900,17d,False
2006-08-10,10.000,18d,False
2006-08-11,-8.950,19d,False
2006-08-14,-13.550,22d,False
2006-08-15,-3.250,23d,False
2006-08-16,1.250,24d,False
2006-08-17,4.750,25d,False
2006-08-21,6.750,28d,False
2006-08-22,5.000,29d,False
2006-08-23,-3.000,30d,True
2006-08-24,0.000,2d,False
2006-08-25,-1.500,3d,False
2006-08-30,-2.150,8d,False
2006-08-31,7.050,9d,False
2006-09-01,2.250,10d,False
2006-09-04,2.750,13d,False
2006-09-05,3.000,14d,False
2006-09-06,6.950,15d,False
2006-09-07,-2.700,16d,False
2006-09-08,-22.500,17d,False
2006-09-11,-14.400,20d,False
2006-09-12,-1.100,21d,False
2006-09-13,-14.500,22d,False
2006-09-14,11.900,23d,False
2006-09-15,-14.800,24d,False
2006-09-18,2.900,26d,False
2006-09-19,1.000,27d,False
2006-09-20,-6.250,28d,False
2006-09-21,4.250,29d,False
2006-09-22,11.500,30d,True
2006-09-25,-2.500,4d,False
2006-09-26,1.750,5d,False
2006-09-27,3.850,6d,False
2006-09-28,8.400,7d,False
2006-09-29,-1.750,8d,False
2006-10-02,0.250,11d,False
2006-10-03,-9.000,12d,False
2006-10-04,-14.500,13d,False
2006-10-05,-10.250,14d,False
2006-10-06,2.350,15d,False
2006-10-09,7.650,18d,False
2006-10-10,-1.000,19d,False
2006-10-11,-3.250,20d,False
2006-10-12,1.900,21d,False
2006-10-13,2.000,22d,False
2006-10-16,15.100,24d,False
2006-10-17,1.900,25d,False
2006-10-18,0.350,26d,False
2006-10-19,-5.500,27d,False
2006-10-20,8.250,28d,False
2006-10-23,-9.500,3d,False
2006-10-24,-10.100,4d,False
2006-10-25,3.200,5d,False
2006-10-26,10.200,6d,False
2006-10-27,1.950,7d,False
2006-10-30,11.000,10d,False
2006-10-31,-3.850,11d,False
2006-11-01,10.350,12d,False
2006-11-02,4.500,13d,False
2006-11-03,9.900,14d,False
2006-11-06,0.100,17d,False
2006-11-07,0.000,18d,False
2006-11-08,-0.250,19d,False
2006-11-09,-7.500,20d,False
2006-11-10,14.250,21d,False
2006-11-14,-5.100,24d,False
2006-11-15,-3.150,25d,False
2006-11-16,4.250,26d,False
2006-11-17,-6.250,27d,False
2006-11-20,5.750,30d,True
2006-11-21,1.000,2d,False
2006-11-22,2.750,3d,False
2006-11-23,2.950,4d,False
2006-11-24,5.300,5d,False
2006-11-27,1.500,8d,False
2006-11-28,0.250,9d,False
2006-11-29,0.500,10d,False
2006-11-30,0.150,11d,False
2006-12-01,6.000,12d,False
2006-12-04,0.400,15d,False
2006-12-05,-1.800,16d,False
2006-12-06,-6.250,17d,False
2006-12-07,-6.250,18d,False
2006-12-08,0.400,19d,False
2006-12-11,-5.400,22d,False
2006-12-13,-0.500,23d,False
2006-12-14,-0.250,24d,False
2006-12-15,-2.750,25d,False
2006-12-18,-8.500,28d,False
2006-12-19,-1.500,29d,False
2006-12-20,7.400,30d,True
2006-12-21,-1.400,2d,False
2006-12-22,-2.250,3d,False
2006-12-28,0.700,9d,False
2006-12-29,6.700,10d,False
2007-01-03,-4.000,15d,False
2007-01-04,-11.500,16d,False
2007-01-05,0.750,17d,False
2007-01-08,-17.700,20d,False
2007-01-09,3.700,21d,False
2007-01-11,2.750,22d,False
2007-01-12,0.600,23d,False
2007-01-15,14.150,26d,False
2007-01-16,-2.650,27d,False
2007-01-17,-2.350,28d,False
2007-01-18,9.550,29d,False
2007-01-19,-3.800,1d,True
2007-01-22,6.100,5d,False
2007-01-23,2.400,6d,False
2007-01-24,5.500,7d,False
2007-01-25,5.750,8d,False
2007-01-26,-3.050,9d,False
2007-01-29,-2.300,12d,False
2007-01-30,-1.150,13d,False
2007-01-31,3.500,14d,False
2007-02-01,6.800,15d,False
2007-02-02,2.200,16d,False
2007-02-05,-6.750,19d,False
2007-02-06,5.900,20d,False
2007-02-07,1.350,21d,False
2007-02-08,-4.700,22d,False
2007-02-12,5.500,25d,False
2007-02-13,1.400,26d,False
2007-02-14,3.500,27d,False
2007-02-15,1.750,28d,False
2007-02-16,-4.750,29d,False
2007-02-19,5.250,3d,False
2007-02-20,-1.900,4d,False
2007-02-21,-10.000,5d,False
2007-02-22,17.800,6d,False
2007-02-23,1.100,7d,False
2007-02-26,7.000,10d,False
2007-02-27,0.000,11d,False
2007-02-28,-7.500,12d,False
2007-03-01,-3.400,13d,False
2007-03-02,-9.600,14d,False
2007-03-05,-25.400,17d,False
2007-03-06,6.000,18d,False
2007-03-07,1.750,19d,False
2007-03-08,7.400,20d,False
2007-03-09,0.100,21d,False
2007-03-12,-1.350,23d,False
2007-03-13,-2.000,24d,False
2007-03-14,-9.750,25d,False
2007-03-15,5.350,26d,False
2007-03-16,4.550,27d,False
2007-03-19,3.850,1d,True
2007-03-20,-0.100,3d,False
2007-03-21,6.100,4d,False
2007-03-22,3.500,5d,False
2007-03-23,-1.850,6d,False
2007-03-26,-2.500,9d,False
2007-03-27,5.500,10d,False
2007-03-28,0.450,11d,False
2007-03-29,-0.700,12d,False
2007-03-30,-1.400,13d,False
2007-04-02,-0.200,16d,False
2007-04-03,0.200,17d,False
2007-04-04,2.400,18d,False
2007-04-05,6.700,19d,False
2007-04-11,2.250,24d,False
2007-04-12,-0.600,25d,False
2007-04-13,-1.500,26d,False
2007-04-16,10.250,29d,False
2007-04-17,0.750,30d,True
2007-04-18,2.400,2d,False
2007-04-19,-3.150,3d,False
2007-04-20,0.350,4d,False
2007-04-23,3.400,7d,False
2007-04-24,-1.300,8d,False
2007-04-25,-3.500,9d,False
2007-04-26,-0.700,10d,False
2007-04-27,-13.000,11d,False
2007-04-30,5.500,14d,False
2007-05-01,-0.500,15d,False
2007-05-02,-4.250,16d,False
2007-05-03,2.650,17d,False
2007-05-04,4.900,18d,False
2007-05-09,0.600,22d,False
2007-05-10,-8.650,23d,False
2007-05-11,-10.000,24d,False
2007-05-14,6.350,27d,False
2007-05-15,-7.200,28d,False
2007-05-16,3.900,29d,True
2007-05-17,-7.700,2d,False
2007-05-18,-2.450,3d,False
2007-05-21,1.650,6d,False
2007-05-22,1.100,7d,False
2007-05-23,-4.300,8d,False
2007-05-24,2.300,9d,False
2007-05-25,-6.500,10d,False
2007-05-30,-0.500,15d,False
2007-05-31,-0.500,16d,False
2007-06-01,5.900,17d,False
2007-06-04,8.250,20d,False
2007-06-05,0.550,21d,False
2007-06-06,-1.500,22d,False
2007-06-08,-14.100,23d,False
2007-06-11,-4.000,26d,False
2007-06-12,0.050,27d,False
2007-06-13,-8.700,28d,False
2007-06-14,6.650,29d,False
2007-06-15,-0.150,1d,True
2007-06-18,7.400,5d,False
2007-06-19,-2.900,6d,False
2007-06-20,4.500,7d,False
2007-06-21,-5.100,8d,False
2007-06-22,-2.500,9d,False
2007-06-25,-0.750,12d,False
2007-06-26,-1.700,13d,False
2007-06-27,-6.700,14d,False
2007-06-28,2.850,15d,False
2007-06-29,2.800,16d,False
2007-07-02,2.000,19d,False
2007-07-03,6.750,20d,False
2007-07-04,-3.250,21d,False
2007-07-05,1.900,22d,False
2007-07-06,-8.150,23d,False
2007-07-10,4.150,26d,False
2007-07-11,2.850,27d,False
2007-07-12,-1.000,28d,False
2007-07-13,4.500,29d,False
2007-07-16,-0.250,3d,False
2007-07-17,-4.100,4d,False
2007-07-18,4.600,5d,False
2007-07-19,5.250,6d,False
2007-07-20,3.000,7d,False
2007-07-23,7.500,10d,False
2007-07-24,-0.750,11d,False
2007-07-25,-5.500,12d,False
2007-07-26,-1.850,13d,False
2007-07-27,-11.900,14d,False
2007-07-30,-2.000,17d,False
2007-07-31,5.250,18d,False
2007-08-01,-6.500,19d,False
2007-08-02,5.100,20d,False
2007-08-03,1.000,21d,False
2007-08-06,7.800,24d,False
2007-08-07,-4.900,25d,False
2007-08-09,0.450,26d,False
2007-08-10,-6.350,27d,False
2007-08-13,5.350,2d,False
2007-08-14,-2.500,3d,False
2007-08-15,-2.350,4d,False
2007-08-16,-0.850,5d,False
2007-08-17,-11.150,6d,False
2007-08-20,5.500,9d,False
2007-08-21,-3.000,10d,False
2007-08-22,1.650,11d,False
2007-08-23,5.100,12d,False
2007-08-24,-2.500,13d,False
2007-08-29,-2.250,18d,False
2007-08-30,1.550,19d,False
2007-08-31,1.700,20d,False
2007-09-03,4.750,23d,False
2007-09-04,0.750,24d,False
2007-09-05,6.000,25d,False
2007-09-07,11.500,26d,False
2007-09-10,9.000,29d,False
2007-09-11,0.250,30d,True
2007-09-12,7.500,2d,False
2007-09-13,-3.650,3d,False
2007-09-14,-1.350,4d,False
2007-09-17,3.500,7d,False
2007-09-18,7.450,8d,False
2007-09-19,6.050,9d,False
2007-09-20,4.000,10d,False
2007-09-21,7.600,11d,False
2007-09-24,-2.100,14d,False
2007-09-25,-5.550,15d,False
2007-09-26,2.850,16d,False
2007-09-27,-0.800,17d,False
2007-09-28,8.000,18d,False
2007-10-01,7.500,21d,False
2007-10-02,-9.500,22d,False
2007-10-03,-2.600,23d,False
2007-10-05,9.100,24d,False
2007-10-08,0.650,27d,False
2007-10-09,-7.700,28d,False
2007-10-10,11.700,29d,False
2007-10-11,7.000,1d,True
2007-10-12,1.000,3d,False
2007-10-15,7.350,6d,False
2007-10-16,5.900,7d,False
2007-10-17,-2.000,8d,False
2007-10-18,-1.400,9d,False
2007-10-19,9.900,10d,False
2007-10-22,-12.650,13d,False
2007-10-23,1.900,14d,False
2007-10-24,-0.150,15d,False
2007-10-25,7.650,16d,False
2007-10-26,10.600,17d,False
2007-10-29,16.900,20d,False
2007-10-30,-8.500,21d,False
2007-10-31,-1.000,22d,False
2007-11-01,9.000,23d,False
2007-11-05,11.750,26d,False
2007-11-06,15.050,27d,False
2007-11-07,24.200,28d,False
2007-11-08,-9.500,29d,False
2007-11-09,3.750,30d,True
2007-11-12,-19.000,4d,False
2007-11-13,-13.600,5d,False
2007-11-14,4.850,6d,False
2007-11-15,-2.250,7d,False
2007-11-16,-15.750,8d,False
2007-11-19,-1.750,11d,False
2007-11-20,1.150,12d,False
2007-11-21,6.600,13d,False
2007-11-22,6.000,14d,False
2007-11-23,8.250,15d,False
2007-11-26,25.750,18d,False
2007-11-27,-13.000,19d,False
2007-11-28,-26.750,20d,False
2007-11-29,10.750,21d,False
2007-11-30,-12.500,22d,False
2007-12-03,-11.000,24d,False
2007-12-04,6.500,25d,False
2007-12-05,11.500,26d,False
2007-12-06,-13.000,27d,False
2007-12-07,11.000,28d,False
2007-12-10,0.250,2d,False
2007-12-11,6.750,3d,False
2007-12-12,0.750,4d,False
2007-12-13,1.500,5d,False
2007-12-14,-12.750,6d,False
2007-12-17,-9.250,9d,False
2007-12-18,9.250,10d,False
2007-12-19,5.250,11d,False
2007-12-20,-2.000,12d,False
2007-12-21,3.500,13d,False
2007-12-24,7.250,16d,False
2007-12-28,6.000,20d,False
2007-12-31,8.000,22d,False
2008-01-03,24.600,25d,False
2008-01-04,-6.600,26d,False
2008-01-07,-1.250,29d,False
2008-01-08,15.750,30d,True
2008-01-09,14.600,2d,False
2008-01-10,-13.600,3d,False
2008-01-11,19.500,4d,False
2008-01-14,17.750,7d,False
2008-01-15,-6.750,8d,False
2008-01-16,-23.750,9d,False
2008-01-17,0.500,10d,False
2008-01-18,-8.750,11d,False
2008-01-21,1.500,14d,False
2008-01-22,-12.250,15d,False
2008-01-23,25.800,16d,False
2008-01-24,3.700,17d,False
2008-01-25,29.750,18d,False
2008-01-28,-4.750,21d,False
2008-01-30,-3.750,22d,False
2008-01-31,0.000,23d,False
2008-02-01,9.250,24d,False
2008-02-04,-33.500,27d,False
2008-02-05,-9.750,28d,False
2008-02-06,2.250,29d,False
2008-02-07,16.250,1d,True
2008-02-08,5.750,3d,False
2008-02-11,11.500,6d,False
2008-02-12,-5.250,7d,False
2008-02-13,-14.500,8d,False
2008-02-14,5.100,9d,False
2008-02-15,-1.100,10d,False
2008-02-18,-4.750,13d,False
2008-02-19,11.500,14d,False
2008-02-20,8.350,15d,False
2008-02-21,18.150,16d,False
2008-02-22,2.750,17d,False
2008-02-25,1.750,20d,False
2008-02-26,-13.500,21d,False
2008-02-28,-1.750,22d,False
2008-02-29,12.000,23d,False
2008-03-03,9.250,26d,False
2008-03-04,3.500,27d,False
2008-03-05,-15.500,28d,False
2008-03-06,20.000,29d,False
2008-03-07,-7.750,30d,True
2008-03-10,-5.350,4d,False
2008-03-11,7.350,5d,False
2008-03-12,-4.750,6d,False
2008-03-13,12.500,7d,False
2008-03-14,8.750,8d,False
2008-03-17,26.500,11d,False
2008-03-18,-17.750,12d,False
2008-03-19,-10.500,13d,False
2008-03-20,-81.750,14d,False
2008-03-26,15.100,20d,False
2008-03-28,-3.750,21d,False
2008-03-31,-7.250,24d,False
2008-04-01,-40.250,25d,False
2008-04-02,-3.500,26d,False
2008-04-03,4.750,27d,False
2008-04-04,7.000,28d,False
2008-04-07,9.450,3d,False
2008-04-08,6.300,4d,False
2008-04-09,-14.250,5d,False
2008-04-10,27.500,6d,False
2008-04-11,-8.750,7d,False
2008-04-14,-7.750,10d,False
2008-04-15,14.000,11d,False
2008-04-16,1.000,12d,False
2008-04-17,18.750,13d,False
2008-04-18,-9.250,14d,False
2008-04-21,-26.500,17d,False
2008-04-22,5.000,18d,False
2008-04-23,-4.500,19d,False
2008-04-24,-15.500,20d,False
2008-04-28,8.750,23d,False
2008-04-29,-6.250,24d,False
2008-04-30,-18.250,25d,False
2008-05-01,-4.250,26d,False
2008-05-02,-9.250,27d,False
2008-05-07,-4.000,3d,False
2008-05-08,-1.750,4d,False
2008-05-09,15.000,5d,False
2008-05-12,-4.750,8d,False
2008-05-13,-5.500,9d,False
2008-05-14,-14.000,10d,False
2008-05-15,3.250,11d,False
2008-05-16,18.750,12d,False
2008-05-19,23.750,15d,False
2008-05-20,-1.750,16d,False
2008-05-21,18.000,17d,False
2008-05-22,3.250,18d,False
2008-05-23,-6.000,19d,False
2008-05-28,-31.750,23d,False
2008-05-29,1.000,24d,False
2008-05-30,-13.500,25d,False
2008-06-02,11.750,28d,False
2008-06-03,4.250,29d,True
2008-06-04,-18.250,2d,False
2008-06-05,-4.250,3d,False
2008-06-06,10.500,4d,False
2008-06-09,20.750,7d,False
2008-06-10,-19.750,8d,False
2008-06-11,-10.250,9d,False
2008-06-12,-3.000,10d,False
2008-06-13,-7.250,11d,False
2008-06-16,8.000,14d,False
2008-06-17,11.000,15d,False
2008-06-18,1.000,16d,False
2008-06-19,9.250,17d,False
2008-06-20,6.750,18d,False
2008-06-23,5.250,21d,False
2008-06-24,-16.750,22d,False
2008-06-25,-1.250,23d,False
2008-06-26,5.250,24d,False
2008-06-30,9.750,27d,False
2008-07-01,-3.250,28d,False
2008-07-02,6.500,29d,False
2008-07-03,3.750,1d,True
2008-07-04,-9.000,3d,False
2008-07-07,-9.750,6d,False
2008-07-08,8.250,7d,False
2008-07-09,-6.000,8d,False
2008-07-10,7.500,9d,False
2008-07-11,18.250,10d,False
2008-07-14,8.750,13d,False
2008-07-15,24.000,14d,False
2008-07-16,-7.750,15d,False
2008-07-17,-9.500,16d,False
2008-07-18,-3.000,17d,False
2008-07-21,4.750,20d,False
2008-07-22,6.750,21d,False
2008-07-23,-38.250,22d,False
2008-07-24,-7.000,23d,False
2008-07-25,4.500,24d,False
2008-07-28,-3.000,26d,False
2008-07-29,-0.500,27d,False
2008-07-30,-14.650,28d,False
2008-07-31,-2.100,29d,False
2008-08-01,-2.500,30d,True
2008-08-04,0.500,4d,False
2008-08-05,-26.000,5d,False
2008-08-06,0.750,6d,False
2008-08-07,-2.250,7d,False
2008-08-08,-18.000,8d,False
2008-08-11,-0.750,11d,False
2008-08-12,-55.000,12d,False
2008-08-13,15.250,13d,False
2008-08-14,9.250,14d,False
2008-08-15,-48.500,15d,False
2008-08-18,12.750,18d,False
2008-08-19,-6.500,19d,False
2008-08-20,15.750,20d,False
2008-08-21,14.250,21d,False
2008-08-22,9.000,22d,False
2008-08-27,23.750,26d,False
2008-08-28,-1.500,27d,False
2008-08-29,4.500,28d,False
2008-09-01,-4.500,3d,False
2008-09-02,-29.500,4d,False
2008-09-03,-8.000,5d,False
2008-09-04,16.000,6d,False
2008-09-05,-14.250,7d,False
2008-09-08,10.250,10d,False
2008-09-09,-6.750,11d,False
2008-09-10,-25.500,12d,False
2008-09-11,-31.500,13d,False
2008-09-12,14.750,14d,False
2008-09-15,21.750,17d,False
2008-09-16,0.500,18d,False
2008-09-17,5.750,19d,False
2008-09-18,78.750,20d,False
2008-09-19,-26.750,21d,False
2008-09-22,35.500,24d,False
2008-09-24,-4.000,25d,False
2008-09-25,0.500,26d,False
2008-09-26,-20.000,27d,False
2008-09-29,7.500,30d,True
2008-09-30,20.500,2d,False
2008-10-01,-21.000,3d,False
2008-10-02,-9.750,4d,False
2008-10-03,-23.750,5d,False
2008-10-06,-6.000,8d,False
2008-10-07,45.250,9d,False
2008-10-08,31.250,10d,False
2008-10-09,-26.250,11d,False
2008-10-10,31.250,12d,False
2008-10-13,-53.000,15d,False
2008-10-14,-15.500,16d,False
2008-10-15,-1.000,17d,False
2008-10-16,-14.000,18d,False
2008-10-17,-33.500,19d,False
2008-10-20,2.000,22d,False
2008-10-21,-22.000,23d,False
2008-10-23,-31.500,24d,False
2008-10-24,-33.500,25d,False
2008-10-27,28.000,28d,False
2008-10-28,24.500,29d,True
2008-10-29,4.250,2d,False
2008-10-30,23.000,3d,False
2008-10-31,-43.750,4d,False
2008-11-03,5.500,7d,False
2008-11-04,0.000,8d,False
2008-11-05,19.250,9d,False
2008-11-06,-14.250,10d,False
2008-11-07,3.000,11d,False
2008-11-10,9.750,14d,False
2008-11-11,-10.000,15d,False
2008-11-12,-10.250,16d,False
2008-11-13,-17.500,17d,False
2008-11-14,15.500,18d,False
2008-11-17,15.500,21d,False
2008-11-18,-8.500,22d,False
2008-11-19,1.250,23d,False
2008-11-21,13.250,24d,False
2008-11-24,58.250,27d,False
2008-11-25,-14.250,28d,False
2008-11-26,14.500,29d,False
2008-11-27,-3.500,30d,True
2008-11-28,0.000,2d,False
2008-12-01,-18.000,5d,False
2008-12-02,-23.000,6d,False
2008-12-03,1.000,7d,False
2008-12-04,-0.750,8d,False
2008-12-05,-1.000,9d,False
2008-12-08,0.500,12d,False
2008-12-09,-1.250,13d,False
2008-12-10,14.750,14d,False
2008-12-11,35.250,15d,False
2008-12-12,-7.250,16d,False
2008-12-15,13.750,19d,False
2008-12-16,6.000,20d,False
2008-12-17,20.250,21d,False
2008-12-18,18.750,22d,False
2008-12-22,7.000,25d,False
2008-12-23,-2.000,26d,False
2008-12-24,-7.250,27d,False
2008-12-30,-11.000,4d,False
2008-12-31,-5.000,5d,False
2009-01-05,-9.750,10d,False
2009-01-06,-16.000,11d,False
2009-01-07,20.000,12d,False
2009-01-08,-21.500,13d,False
2009-01-09,11.500,14d,False
2009-01-12,-5.500,17d,False
2009-01-13,-33.000,18d,False
2009-01-14,11.750,19d,False
2009-01-15,-14.250,20d,False
2009-01-16,11.250,21d,False
2009-01-19,18.250,23d,False
2009-01-20,-7.500,24d,False
2009-01-21,25.500,25d,False
2009-01-22,-12.750,26d,False
2009-01-23,25.250,27d,False
2009-01-26,33.500,30d,True
2009-01-27,-10.500,2d,False
2009-01-28,-4.750,3d,False
2009-01-29,-12.750,4d,False
2009-01-30,40.000,5d,False
2009-02-02,-4.750,8d,False
2009-02-03,-11.750,9d,False
2009-02-04,0.250,10d,False
2009-02-05,12.500,11d,False
2009-02-06,-0.750,12d,False
2009-02-09,-13.000,15d,False
2009-02-10,-5.000,16d,False
2009-02-11,26.000,17d,False
2009-02-12,22.000,18d,False
2009-02-13,-4.750,19d,False
2009-02-16,3.750,21d,False
2009-02-17,19.250,22d,False
2009-02-18,2.500,23d,False
2009-02-19,8.750,24d,False
2009-02-20,7.500,25d,False
2009-02-23,6.000,28d,False
2009-02-24,2.750,29d,False
2009-02-25,-33.500,1d,True
2009-02-26,-11.250,3d,False
2009-02-27,-1.250,4d,False
2009-03-02,5.750,7d,False
2009-03-03,-24.750,8d,False
2009-03-04,-13.750,9d,False
2009-03-05,2.250,10d,False
2009-03-06,24.500,11d,False
2009-03-09,-3.000,14d,False
2009-03-10,-23.250,15d,False
2009-03-11,-11.500,16d,False
2009-03-12,14.500,17d,False
2009-03-13,5.500,18d,False
2009-03-17,-3.000,21d,False
2009-03-18,-9.250,22d,False
2009-03-19,26.500,23d,False
2009-03-20,19.750,24d,False
2009-03-23,-4.250,27d,False
2009-03-24,-24.000,28d,False
2009-03-25,-7.500,29d,False
2009-03-26,14.250,30d,True
2009-03-27,-8.500,2d,False
2009-03-30,-4.000,5d,False
2009-03-31,-4.500,6d,False
2009-04-01,1.000,7d,False
2009-04-02,-4.750,8d,False
2009-04-03,-13.250,9d,False
2009-04-06,-22.000,12d,False
2009-04-07,-0.250,13d,False
2009-04-08,8.000,14d,False
2009-04-09,-3.500,15d,False
2009-04-15,-2.750,20d,False
2009-04-16,-3.250,21d,False
2009-04-17,-17.000,22d,False
2009-04-20,-2.000,25d,False
2009-04-21,18.750,26d,False
2009-04-22,-3.750,27d,False
2009-04-23,9.500,28d,False
2009-04-24,14.500,29d,False
2009-04-27,2.750,4d,False
2009-04-28,-14.750,5d,False
2009-04-29,-2.500,6d,False
2009-04-30,-5.500,7d,False
2009-05-01,-7.500,8d,False
2009-05-06,0.500,13d,False
2009-05-07,9.250,14d,False
2009-05-08,4.750,15d,False
2009-05-11,-5.000,18d,False
2009-05-12,7.500,19d,False
2009-05-13,5.750,20d,False
2009-05-14,-2.500,21d,False
2009-05-18,4.750,24d,False
2009-05-19,-8.250,25d,False
2009-05-20,7.000,26d,False
2009-05-21,11.500,27d,False
2009-05-22,12.500,28d,False
2009-05-27,7.500,4d,False
2009-05-28,0.250,5d,False
2009-05-29,22.250,6d,False
2009-06-01,15.000,9d,False
2009-06-02,-13.500,10d,False
2009-06-03,5.500,11d,False
2009-06-04,-11.750,12d,False
2009-06-05,10.500,13d,False
2009-06-08,-31.250,16d,False
2009-06-09,6.000,17d,False
2009-06-10,8.750,18d,False
2009-06-11,-8.250,19d,False
2009-06-12,-3.000,20d,False
2009-06-15,-18.000,23d,False
2009-06-17,-3.000,24d,False
2009-06-18,3.000,25d,False
2009-06-19,-3.000,26d,False
2009-06-22,-9.750,29d,True
2009-06-23,-3.750,2d,False
2009-06-24,8.500,3d,False
2009-06-25,5.500,4d,False
2009-06-26,8.750,5d,False
2009-06-29,-3.250,8d,False
2009-06-30,1.250,9d,False
2009-07-01,-9.500,10d,False
2009-07-02,4.500,11d,False
2009-07-03,-3.500,12d,False
2009-07-06,-11.000,15d,False
2009-07-07,4.250,16d,False
2009-07-08,-5.000,17d,False
2009-07-09,-6.000,18d,False
2009-07-10,-4.750,19d,False
2009-07-13,-1.500,22d,False
2009-07-14,13.250,23d,False
2009-07-15,8.250,24d,False
2009-07-16,5.250,25d,False
2009-07-20,17.750,28d,False
2009-07-21,-4.500,29d,False
2009-07-22,-2.250,1d,True
2009-07-23,9.750,3d,False
2009-07-24,-5.500,4d,False
2009-07-27,6.250,7d,False
2009-07-28,-1.000,8d,False
2009-07-29,-19.500,9d,False
2009-07-30,-3.500,10d,False
2009-07-31,4.500,11d,False
2009-08-03,17.750,14d,False
2009-08-04,-0.750,15d,False
2009-08-05,11.000,16d,False
2009-08-06,-3.750,17d,False
2009-08-07,-0.250,18d,False
2009-08-10,-7.000,21d,False
2009-08-11,-7.500,22d,False
2009-08-12,-2.500,23d,False
2009-08-13,12.500,24d,False
2009-08-14,1.500,25d,False
2009-08-17,-20.000,27d,False
2009-08-18,0.750,28d,False
2009-08-19,-4.000,29d,False
2009-08-20,9.250,30d,True
2009-08-21,-2.000,2d,False
2009-08-24,12.250,5d,False
2009-08-25,-6.250,6d,False
2009-08-26,2.000,7d,False
2009-08-27,-6.000,8d,False
2009-08-28,7.250,9d,False
2009-09-02,5.250,14d,False
2009-09-03,27.500,15d,False
2009-09-04,4.750,16d,False
2009-09-07,5.500,19d,False
2009-09-08,11.750,20d,False
2009-09-09,-8.750,21d,False
2009-09-10,-7.250,22d,False
2009-09-11,9.750,23d,False
2009-09-14,-4.000,25d,False
2009-09-15,3.250,26d,False
2009-09-16,19.500,27d,False
2009-09-17,3.500,28d,False
2009-09-18,-6.500,29d,True
2009-09-21,-14.750,4d,False
2009-09-22,16.500,5d,False
2009-09-23,-1.000,6d,False
2009-09-24,-0.750,7d,False
2009-09-25,-17.000,8d,False
2009-09-28,-6.500,11d,False
2009-09-29,1.250,12d,False
2009-09-30,9.500,13d,False
2009-10-01,4.500,14d,False
2009-10-02,-7.750,15d,False
2009-10-05,6.250,18d,False
2009-10-06,16.000,19d,False
2009-10-07,26.750,20d,False
2009-10-08,7.750,21d,False
2009-10-09,-8.000,22d,False
2009-10-13,12.500,25d,False
2009-10-14,1.500,26d,False
2009-10-15,-13.500,27d,False
2009-10-16,-4.750,28d,False
2009-10-19,6.750,3d,False
2009-10-20,9.500,4d,False
2009-10-21,-10.500,5d,False
2009-10-22,1.250,6d,False
2009-10-23,6.500,7d,False
2009-10-26,-6.250,10d,False
2009-10-27,-14.250,11d,False
2009-10-28,-5.250,12d,False
2009-10-29,-1.500,13d,False
2009-10-30,10.500,14d,False
2009-11-02,7.500,17d,False
2009-11-03,6.000,18d,False
2009-11-04,33.750,19d,False
2009-11-05,-3.750,20d,False
2009-11-06,7.000,21d,False
2009-11-09,13.500,24d,False
2009-11-11,15.000,25d,False
2009-11-12,1.250,26d,False
2009-11-13,-8.500,27d,False
2009-11-16,21.250,30d,True
2009-11-17,3.000,2d,False
2009-11-18,14.250,3d,False
2009-11-19,-10.000,4d,False
2009-11-20,6.500,5d,False
2009-11-23,23.500,8d,False
2009-11-24,4.250,9d,False
2009-11-25,6.250,10d,False
2009-11-26,6.500,11d,False
2009-11-27,-18.500,12d,False
2009-11-30,7.500,15d,False
2009-12-01,21.500,16d,False
2009-12-02,18.000,17d,False
2009-12-03,6.750,18d,False
2009-12-04,-15.000,19d,False
2009-12-07,-55.750,22d,False
2009-12-09,-22.000,23d,False
2009-12-10,-16.500,24d,False
2009-12-11,14.250,25d,False
2009-12-14,-20.000,28d,False
2009-12-15,-5.000,29d,False
2009-12-16,19.000,30d,True
2009-12-17,-12.500,2d,False
2009-12-18,-15.000,3d,False
2009-12-21,6.750,6d,False
2009-12-22,-19.000,7d,False
2009-12-23,-13.750,8d,False
2009-12-24,24.000,9d,False
2009-12-30,-10.500,15d,False
2009-12-31,11.500,16d,False
2010-01-05,12.250,21d,False
2010-01-07,5.750,22d,False
2010-01-08,-9.000,23d,False
2010-01-11,36.250,26d,False
2010-01-12,-5.250,27d,False
2010-01-13,-20.000,28d,False
2010-01-14,4.750,29d,False
2010-01-15,-5.500,1d,True
2010-01-18,3.750,5d,False
2010-01-19,-1.750,6d,False
2010-01-20,-5.000,7d,False
2010-01-21,-25.000,8d,False
2010-01-22,-7.500,9d,False
2010-01-25,7.000,12d,False
2010-01-26,-12.750,13d,False
2010-01-27,4.000,14d,False
2010-01-28,-3.000,15d,False
2010-01-29,-9.000,16d,False
2010-02-01,-0.750,19d,False
2010-02-02,32.000,20d,False
2010-02-03,4.500,21d,False
2010-02-05,-50.250,22d,False
2010-02-08,17.750,25d,False
2010-02-09,-2.000,26d,False
2010-02-10,7.500,27d,False
2010-02-11,4.000,28d,False
2010-02-12,-1.250,29d,False
2010-02-15,21.250,3d,False
2010-02-16,15.750,4d,False
2010-02-17,3.000,5d,False
2010-02-18,-12.750,6d,False
2010-02-19,1.500,7d,False
2010-02-22,12.750,10d,False
2010-02-23,-7.750,11d,False
2010-02-24,-19.000,12d,False
2010-02-25,-0.250,13d,False
2010-02-26,19.750,14d,False
2010-03-01,4.750,17d,False
2010-03-02,-1.250,18d,False
2010-03-03,20.250,19d,False
2010-03-04,0.000,20d,False
2010-03-08,-1.000,23d,False
2010-03-09,-14.000,24d,False
2010-03-10,4.500,25d,False
2010-03-11,-18.500,26d,False
2010-03-12,12.750,27d,False
2010-03-15,-14.750,30d,True
2010-03-16,9.250,2d,False
2010-03-17,18.000,3d,False
2010-03-18,-8.500,4d,False
2010-03-19,-1.250,5d,False
2010-03-22,-17.250,8d,False
2010-03-23,-3.500,9d,False
2010-03-24,-6.750,10d,False
2010-03-25,-0.500,11d,False
2010-03-26,4.500,12d,False
2010-03-29,13.250,15d,False
2010-03-30,-1.500,16d,False
2010-03-31,-0.250,17d,False
2010-04-01,6.500,18d,False
2010-04-07,9.250,23d,False
2010-04-08,13.250,24d,False
2010-04-09,9.500,25d,False
2010-04-12,7.500,28d,False
2010-04-13,-14.250,29d,False
2010-04-14,9.750,30d,True
2010-04-15,-7.750,2d,False
2010-04-16,5.750,3d,False
2010-04-19,-29.500,6d,False
2010-04-20,15.000,7d,False
2010-04-21,1.250,8d,False
2010-04-22,0.500,9d,False
2010-04-23,-4.250,10d,False
2010-04-26,14.000,13d,False
2010-04-27,-1.750,14d,False
2010-04-28,12.000,15d,False
2010-04-29,5.750,16d,False
2010-04-30,5.250,17d,False
2010-05-05,-12.250,21d,False
2010-05-06,6.000,22d,False
2010-05-07,21.600,23d,False
2010-05-10,-11.350,26d,False
2010-05-11,20.750,27d,False
2010-05-12,32.250,28d,False
2010-05-13,-6.250,29d,False
2010-05-14,3.750,1d,True
2010-05-17,-8.500,5d,False
2010-05-18,-15.250,6d,False
2010-05-19,-5.500,7d,False
2010-05-20,-22.250,8d,False
2010-05-21,-3.750,9d,False
2010-05-24,0.250,12d,False
2010-05-25,5.750,13d,False
2010-05-26,23.000,14d,False
2010-05-27,-1.750,15d,False
2010-05-28,3.250,16d,False
2010-06-02,1.250,21d,False
2010-06-03,-1.250,22d,False
2010-06-07,8.900,25d,False
2010-06-08,35.600,26d,False
2010-06-09,-13.000,27d,False
2010-06-10,-15.000,28d,False
2010-06-11,0.500,29d,False
2010-06-14,9.000,3d,False
2010-06-15,-6.500,4d,False
2010-06-16,12.500,5d,False
2010-06-17,-1.000,6d,False
2010-06-18,9.500,7d,False
2010-06-21,15.500,10d,False
2010-06-22,-24.250,11d,False
2010-06-23,7.750,12d,False
2010-06-24,-9.750,13d,False
2010-06-25,9.250,14d,False
2010-06-28,13.500,17d,False
2010-06-29,-20.000,18d,False
2010-06-30,4.500,19d,False
2010-07-01,-0.500,20d,False
2010-07-02,-29.500,21d,False
2010-07-05,-2.000,24d,False
2010-07-07,-24.750,25d,False
2010-07-08,15.250,26d,False
2010-07-09,-5.000,27d,False
2010-07-12,7.500,2d,False
2010-07-13,2.750,3d,False
2010-07-14,5.750,4d,False
2010-07-15,-0.500,5d,False
2010-07-16,-7.000,6d,False
2010-07-19,-14.500,9d,False
2010-07-20,-8.750,10d,False
2010-07-21,9.750,11d,False
2010-07-22,-4.250,12d,False
2010-07-23,11.750,13d,False
2010-07-26,-9.750,16d,False
2010-07-27,-5.000,17d,False
2010-07-28,-20.000,18d,False
2010-07-29,2.000,19d,False
2010-07-30,2.000,20d,False
2010-08-02,10.000,23d,False
2010-08-03,6.000,24d,False
2010-08-04,10.500,25d,False
2010-08-06,-1.000,26d,False
2010-08-09,11.500,29d,False
2010-08-10,-9.250,1d,True
2010-08-11,1.250,3d,False
2010-08-12,2.000,4d,False
2010-08-13,15.000,5d,False
2010-08-16,7.000,8d,False
2010-08-17,4.250,9d,False
2010-08-18,-3.250,10d,False
2010-08-19,5.000,11d,False
2010-08-20,2.500,12d,False
2010-08-23,-3.500,15d,False
2010-08-24,-9.000,16d,False
2010-08-25,19.500,17d,False
2010-08-26,2.750,18d,False
2010-08-27,-5.750,19d,False
2010-09-01,16.500,24d,False
2010-09-02,-2.250,25d,False
2010-09-06,-2.500,28d,False
2010-09-07,-2.250,29d,False
2010-09-08,10.750,30d,True
2010-09-09,-4.500,2d,False
2010-09-10,-4.750,3d,False
2010-09-13,-5.750,6d,False
2010-09-14,10.250,7d,False
2010-09-15,17.150,8d,False
2010-09-16,0.850,9d,False
2010-09-17,10.250,10d,False
2010-09-20,-1.250,13d,False
2010-09-21,-1.500,14d,False
2010-09-22,13.000,15d,False
2010-09-23,-0.250,16d,False
2010-09-24,6.500,17d,False
2010-09-27,0.250,20d,False
2010-09-28,-9.250,21d,False
2010-09-29,18.500,22d,False
2010-09-30,3.500,23d,False
2010-10-01,2.000,24d,False
2010-10-04,3.000,26d,False
2010-10-05,9.750,27d,False
2010-10-06,21.250,28d,False
2010-10-07,12.500,29d,True
2010-10-08,-29.000,2d,False
2010-10-11,18.000,5d,False
2010-10-12,-5.000,6d,False
2010-10-13,15.000,7d,False
2010-10-14,22.250,8d,False
2010-10-15,-3.500,9d,False
2010-10-18,-17.500,12d,False
2010-10-19,8.000,13d,False
2010-10-20,-27.250,14d,False
2010-10-21,4.750,15d,False
2010-10-22,-26.250,16d,False
2010-10-25,26.000,19d,False
2010-10-26,-11.000,20d,False
2010-10-27,-1.750,21d,False
2010-10-28,-5.750,22d,False
2010-10-29,10.250,23d,False
2010-11-01,24.750,25d,False
2010-11-02,-3.500,26d,False
2010-11-03,0.500,27d,False
2010-11-04,2.500,28d,False
2010-11-05,23.250,29d,False
2010-11-08,5.750,4d,False
2010-11-09,26.250,5d,False
2010-11-10,-14.250,6d,False
2010-11-11,11.000,7d,False
2010-11-12,-26.000,8d,False
2010-11-15,-20.000,11d,False
2010-11-16,-3.750,12d,False
2010-11-17,-26.750,13d,False
2010-11-18,20.250,14d,False
2010-11-19,0.750,15d,False
2010-11-22,0.000,18d,False
2010-11-23,3.500,19d,False
2010-11-24,15.250,20d,False
2010-11-25,-5.750,21d,False
2010-11-26,-4.000,22d,False
2010-11-30,15.000,25d,False
2010-12-01,16.500,26d,False
2010-12-02,-1.500,27d,False
2010-12-03,1.750,28d,False
2010-12-06,19.750,2d,False
2010-12-07,14.500,3d,False
2010-12-08,-31.000,4d,False
2010-12-09,-13.000,5d,False
2010-12-10,8.000,6d,False
2010-12-13,-1.750,9d,False
2010-12-14,16.750,10d,False
2010-12-15,-16.750,11d,False
2010-12-16,-4.250,12d,False
2010-12-17,-9.250,13d,False
2010-12-20,6.250,16d,False
2010-12-21,5.000,17d,False
2010-12-22,3.000,18d,False
2010-12-23,-5.000,19d,False
2010-12-24,-3.500,20d,False
2010-12-30,8.000,25d,False
2010-12-31,-1.250,26d,False
2011-01-05,-22.750,2d,False
2011-01-06,-6.750,3d,False
2011-01-07,-18.000,4d,False
2011-01-10,10.250,7d,False
2011-01-11,12.750,8d,False
2011-01-12,2.500,9d,False
2011-01-13,-2.750,10d,False
2011-01-14,-11.500,11d,False
2011-01-17,-11.750,14d,False
2011-01-18,11.250,15d,False
2011-01-19,5.000,16d,False
2011-01-20,-9.250,17d,False
2011-01-21,-20.500,18d,False
2011-01-24,3.500,21d,False
2011-01-26,9.500,22d,False
2011-01-27,2.000,23d,False
2011-01-28,-21.500,24d,False
2011-01-31,17.500,27d,False
2011-02-01,4.000,28d,False
2011-02-02,-0.500,29d,False
2011-02-03,-4.500,1d,True
2011-02-04,15.000,3d,False
2011-02-07,-0.500,6d,False
2011-02-08,7.000,7d,False
2011-02-09,8.500,8d,False
2011-02-10,-3.750,9d,False
2011-02-11,0.250,10d,False
2011-02-14,-2.250,13d,False
2011-02-15,15.500,14d,False
2011-02-16,2.250,15d,False
2011-02-17,2.500,16d,False
2011-02-18,8.500,17d,False
2011-02-21,14.000,20d,False
2011-02-22,-5.000,21d,False
2011-02-24,13.250,22d,False
2011-02-25,-9.500,23d,False
2011-02-28,4.750,26d,False
2011-03-01,4.750,27d,False
2011-03-02,16.000,28d,False
2011-03-03,0.000,29d,False
2011-03-04,-12.500,30d,True
2011-03-07,19.000,4d,False
2011-03-08,-2.000,5d,False
2011-03-09,-3.500,6d,False
2011-03-10,-7.250,7d,False
2011-03-11,-14.500,8d,False
2011-03-14,14.750,11d,False
2011-03-15,-17.500,12d,False
2011-03-16,-8.500,13d,False
2011-03-17,5.000,14d,False
2011-03-18,12.000,15d,False
2011-03-21,12.250,18d,False
2011-03-22,-2.250,19d,False
2011-03-23,7.500,20d,False
2011-03-25,-7.250,21d,False
2011-03-28,-14.000,24d,False
2011-03-29,-6.000,25d,False
2011-03-30,5.000,26d,False
2011-03-31,12.000,27d,False
2011-04-01,3.500,28d,False
2011-04-04,-2.000,2d,False
2011-04-05,2.000,3d,False
2011-04-06,22.500,4d,False
2011-04-07,-0.500,5d,False
2011-04-08,14.000,6d,False
2011-04-11,-1.000,9d,False
2011-04-12,-8.250,10d,False
2011-04-13,-3.250,11d,False
2011-04-14,-0.500,12d,False
2011-04-15,15.000,13d,False
2011-04-18,12.000,16d,False
2011-04-19,10.500,17d,False
2011-04-20,10.000,18d,False
2011-04-21,2.000,19d,False
2011-04-27,3.000,24d,False
2011-04-28,23.000,25d,False
2011-05-04,-10.500,2d,False
2011-05-05,-21.500,3d,False
2011-05-06,-26.750,4d,False
2011-05-09,17.250,7d,False
2011-05-10,12.250,8d,False
2011-05-11,7.250,9d,False
2011-05-12,-36.250,10d,False
2011-05-13,22.750,11d,False
2011-05-16,-16.000,14d,False
2011-05-17,0.500,15d,False
2011-05-18,-4.250,16d,False
2011-05-19,-2.500,17d,False
2011-05-20,14.000,18d,False
2011-05-24,12.250,21d,False
2011-05-25,6.250,22d,False
2011-05-26,-5.500,23d,False
2011-05-27,3.500,24d,False
2011-06-01,-4.750,29d,True
2011-06-02,8.500,2d,False
2011-06-03,-9.750,3d,False
2011-06-06,11.750,6d,False
2011-06-07,5.650,7d,False
2011-06-08,-12.900,8d,False
2011-06-09,-1.500,9d,False
2011-06-10,7.000,10d,False
2011-06-13,-16.300,13d,False
2011-06-14,-5.700,14d,False
2011-06-15,-1.250,15d,False
2011-06-16,7.250,16d,False
2011-06-17,1.250,17d,False
2011-06-20,10.750,20d,False
2011-06-21,6.000,21d,False
2011-06-22,3.000,22d,False
2011-06-23,-4.500,23d,False
2011-06-27,-20.000,26d,False
2011-06-28,1.500,27d,False
2011-06-29,3.500,28d,False
2011-06-30,2.000,29d,False
2011-07-01,-15.250,30d,True
2011-07-04,2.500,4d,False
2011-07-05,3.500,5d,False
2011-07-06,17.050,6d,False
2011-07-07,10.450,7d,False
2011-07-08,-0.250,8d,False
2011-07-11,17.500,11d,False
2011-07-12,1.000,12d,False
2011-07-13,27.000,13d,False
2011-07-14,21.000,14d,False
2011-07-15,-14.000,15d,False
2011-07-18,19.750,18d,False
2011-07-19,3.750,19d,False
2011-07-20,-17.750,20d,False
2011-07-21,16.250,21d,False
2011-07-22,-12.500,22d,False
2011-07-26,-8.500,25d,False
2011-07-27,11.000,26d,False
2011-07-28,-3.500,27d,False
2011-07-29,-3.750,28d,False
2011-08-01,-0.250,3d,False
2011-08-02,10.500,4d,False
2011-08-03,43.500,5d,False
2011-08-04,-3.250,6d,False
2011-08-05,0.750,7d,False
2011-08-08,44.750,10d,False
2011-08-09,60.250,11d,False
2011-08-10,-16.250,12d,False
2011-08-11,32.250,13d,False
2011-08-12,-31.000,14d,False
2011-08-15,-17.000,17d,False
2011-08-16,41.000,18d,False
2011-08-17,13.000,19d,False
2011-08-18,2.500,20d,False
2011-08-19,67.500,21d,False
2011-08-22,15.750,24d,False
2011-08-24,-36.500,25d,False
2011-08-25,-133.500,26d,False
2011-08-26,70.500,27d,False
2011-08-31,35.000,4d,False
2011-09-01,-10.500,5d,False
2011-09-02,38.500,6d,False
2011-09-05,42.500,9d,False
2011-09-06,-5.500,10d,False
2011-09-07,-47.000,11d,False
2011-09-08,-17.000,12d,False
2011-09-09,52.500,13d,False
2011-09-12,-36.500,16d,False
2011-09-13,-37.000,17d,False
2011-09-14,23.000,18d,False
2011-09-15,-23.000,19d,False
2011-09-16,-28.000,20d,False
2011-09-19,39.000,23d,False
2011-09-20,-25.000,24d,False
2011-09-22,-44.750,25d,False
2011-09-23,-35.500,26d,False
2011-09-26,-115.000,29d,False
2011-09-27,56.000,30d,True
2011-09-28,-16.000,2d,False
2011-09-29,-35.000,3d,False
2011-09-30,9.000,4d,False
2011-10-03,31.000,7d,False
2011-10-04,12.000,8d,False
2011-10-05,-72.000,9d,False
2011-10-06,49.500,10d,False
2011-10-07,1.500,11d,False
2011-10-10,13.000,14d,False
2011-10-11,-2.000,15d,False
2011-10-12,25.000,16d,False
2011-10-13,-14.000,17d,False
2011-10-14,3.000,18d,False
2011-10-17,13.000,21d,False
2011-10-18,-31.000,22d,False
2011-10-19,-7.000,23d,False
2011-10-20,-22.000,24d,False
2011-10-24,28.000,27d,False
2011-10-25,5.250,28d,False
2011-10-26,56.750,29d,True
2011-10-27,-5.000,2d,False
2011-10-28,27.000,3d,False
2011-10-31,-17.000,6d,False
2011-11-01,-16.000,7d,False
2011-11-02,29.000,8d,False
2011-11-03,1.500,9d,False
2011-11-04,23.500,10d,False
2011-11-07,8.000,13d,False
2011-11-08,30.000,14d,False
2011-11-09,-14.000,15d,False
2011-11-10,-14.000,16d,False
2011-11-11,-2.000,17d,False
2011-11-14,16.500,20d,False
2011-11-15,-15.500,21d,False
2011-11-16,8.000,22d,False
2011-11-17,-17.000,23d,False
2011-11-21,-26.000,26d,False
2011-11-22,-6.500,27d,False
2011-11-23,-11.500,28d,False
2011-11-24,13.000,29d,False
2011-11-25,-23.000,1d,True
2011-11-28,38.000,5d,False
2011-11-29,3.000,6d,False
2011-11-30,-13.000,7d,False
2011-12-01,46.000,8d,False
2011-12-02,1.000,9d,False
2011-12-05,-7.000,12d,False
2011-12-06,-24.000,13d,False
2011-12-07,11.000,14d,False
2011-12-08,8.000,15d,False
2011-12-09,-27.000,16d,False
2011-12-12,-32.000,19d,False
2011-12-13,-15.000,20d,False
2011-12-14,-30.000,21d,False
2011-12-15,-45.000,22d,False
2011-12-16,-0.500,23d,False
2011-12-19,3.500,25d,False
2011-12-20,12.000,26d,False
2011-12-21,32.500,27d,False
2011-12-22,-28.500,28d,False
2011-12-23,-1.500,29d,False
2011-12-29,-46.500,6d,False
2011-12-30,37.000,7d,False
2012-01-04,13.000,12d,False
2012-01-05,11.500,13d,False
2012-01-06,6.500,14d,False
2012-01-09,-3.000,17d,False
2012-01-10,9.000,18d,False
2012-01-11,14.000,19d,False
2012-01-12,11.500,20d,False
2012-01-13,-10.500,21d,False
2012-01-16,1.500,23d,False
2012-01-17,18.500,24d,False
2012-01-18,-5.000,25d,False
2012-01-19,7.000,26d,False
2012-01-20,-18.000,27d,False
2012-01-23,29.000,30d,True
2012-01-24,-6.000,2d,False
2012-01-25,-10.000,3d,False
2012-01-26,54.000,4d,False
2012-01-27,9.000,5d,False
2012-01-30,-1.500,8d,False
2012-01-31,17.500,9d,False
2012-02-01,6.000,10d,False
2012-02-02,3.500,11d,False
2012-02-03,12.000,12d,False
2012-02-06,-42.500,15d,False
2012-02-07,3.000,16d,False
2012-02-08,23.000,17d,False
2012-02-09,-10.000,18d,False
2012-02-10,-17.500,19d,False
2012-02-14,-6.000,22d,False
2012-02-15,4.500,23d,False
2012-02-16,-9.500,24d,False
2012-02-17,16.000,25d,False
2012-02-20,-2.500,28d,False
2012-02-21,7.500,29d,True
2012-02-22,17.750,2d,False
2012-02-23,21.750,3d,False
2012-02-24,2.000,4d,False
2012-02-27,-13.500,7d,False
2012-02-28,9.750,8d,False
2012-02-29,13.250,9d,False
2012-03-01,-67.000,10d,False
2012-03-02,-6.500,11d,False
2012-03-05,-16.500,14d,False
2012-03-06,-12.500,15d,False
2012-03-07,-3.000,16d,False
2012-03-08,19.000,17d,False
2012-03-09,-2.000,18d,False
2012-03-12,5.750,21d,False
2012-03-14,-32.750,22d,False
2012-03-15,-15.250,23d,False
2012-03-16,2.250,24d,False
2012-03-19,5.000,27d,False
2012-03-20,-5.500,28d,False
2012-03-21,7.500,29d,False
2012-03-22,-20.000,30d,True
2012-03-23,15.000,2d,False
2012-03-26,7.000,5d,False
2012-03-27,36.000,6d,False
2012-03-28,-17.000,7d,False
2012-03-29,-21.250,8d,False
2012-03-30,5.000,9d,False
2012-04-02,3.250,12d,False
2012-04-03,10.750,13d,False
2012-04-04,-43.000,14d,False
2012-04-05,-9.250,15d,False
2012-04-12,1.500,21d,False
2012-04-13,15.000,22d,False
2012-04-16,-22.250,25d,False
2012-04-17,3.750,26d,False
2012-04-18,-5.500,27d,False
2012-04-19,-4.500,28d,False
2012-04-20,-2.000,29d,False
2012-04-23,-8.000,3d,False
2012-04-24,6.750,4d,False
2012-04-25,2.500,5d,False
2012-04-26,7.000,6d,False
2012-04-27,5.750,7d,False
2012-04-30,8.500,10d,False
2012-05-01,-1.250,11d,False
2012-05-02,-8.750,12d,False
2012-05-03,-10.000,13d,False
2012-05-04,-13.000,14d,False
2012-05-09,-41.500,19d,False
2012-05-10,4.500,20d,False
2012-05-14,-17.750,23d,False
2012-05-15,-4.000,24d,False
2012-05-16,-21.500,25d,False
2012-05-17,9.500,26d,False
2012-05-18,41.000,27d,False
2012-05-21,2.250,2d,False
2012-05-22,-14.500,3d,False
2012-05-23,-20.750,4d,False
2012-05-24,3.500,5d,False
2012-05-25,2.000,6d,False
2012-05-28,18.500,9d,False
2012-05-29,-5.250,10d,False
2012-05-30,-25.000,11d,False
2012-05-31,18.750,12d,False
2012-06-01,-15.000,13d,False
2012-06-07,-12.500,19d,False
2012-06-08,-44.750,20d,False
2012-06-12,-3.750,23d,False
2012-06-13,23.500,24d,False
2012-06-14,6.250,25d,False
2012-06-15,3.250,26d,False
2012-06-18,1.250,29d,False
2012-06-19,5.000,30d,True
2012-06-20,-9.750,2d,False
2012-06-21,-18.750,3d,False
2012-06-22,-29.500,4d,False
2012-06-25,-1.500,7d,False
2012-06-26,14.250,8d,False
2012-06-27,-15.750,9d,False
2012-06-28,0.250,10d,False
2012-06-29,1.750,11d,False
2012-07-02,26.750,14d,False
2012-07-03,12.250,15d,False
2012-07-04,8.500,16d,False
2012-07-05,-0.250,17d,False
2012-07-06,-25.000,18d,False
2012-07-09,-10.750,21d,False
2012-07-10,13.500,22d,False
2012-07-11,-18.000,23d,False
2012-07-13,13.500,24d,False
2012-07-16,5.000,27d,False
2012-07-17,11.000,28d,False
2012-07-18,-15.500,29d,False
2012-07-19,0.500,1d,True
2012-07-20,3.000,3d,False
2012-07-23,-11.500,6d,False
2012-07-24,1.500,7d,False
2012-07-25,14.500,8d,False
2012-07-26,15.500,9d,False
2012-07-27,15.750,10d,False
2012-07-30,-2.250,13d,False
2012-07-31,6.250,14d,False
2012-08-01,-8.000,15d,False
2012-08-02,-10.250,16d,False
2012-08-03,-9.500,17d,False
2012-08-06,11.750,20d,False
2012-08-07,6.250,21d,False
2012-08-08,-6.000,22d,False
2012-08-09,5.750,23d,False
2012-08-10,-4.250,24d,False
2012-08-13,13.750,26d,False
2012-08-14,-7.750,27d,False
2012-08-15,-19.750,28d,False
2012-08-16,8.750,29d,False
2012-08-17,13.000,30d,True
2012-08-20,-1.250,4d,False
2012-08-21,8.750,5d,False
2012-08-22,16.500,6d,False
2012-08-23,22.000,7d,False
2012-08-24,4.000,8d,False
2012-08-29,0.750,13d,False
2012-08-30,-7.250,14d,False
2012-08-31,0.750,15d,False
2012-09-03,28.250,18d,False
2012-09-04,5.500,19d,False
2012-09-05,-2.000,20d,False
2012-09-06,19.000,21d,False
2012-09-07,-12.500,22d,False
2012-09-11,-1.750,25d,False
2012-09-12,11.750,26d,False
2012-09-13,-12.250,27d,False
2012-09-14,42.000,28d,False
2012-09-17,-5.250,3d,False
2012-09-18,-10.500,4d,False
2012-09-19,17.750,5d,False
2012-09-20,-14.500,6d,False
2012-09-21,13.750,7d,False
2012-09-24,-15.250,10d,False
2012-09-25,8.250,11d,False
2012-09-26,-3.000,12d,False
2012-09-27,-8.500,13d,False
2012-09-28,25.750,14d,False
2012-10-01,-10.500,17d,False
2012-10-02,8.000,18d,False
2012-10-03,-1.250,19d,False
2012-10-04,9.250,20d,False
2012-10-05,3.500,21d,False
2012-10-08,-21.000,24d,False
2012-10-10,-7.750,25d,False
2012-10-11,4.250,26d,False
2012-10-12,-0.250,27d,False
2012-10-15,-19.750,30d,True
2012-10-16,-9.750,2d,False
2012-10-17,10.250,3d,False
2012-10-18,0.250,4d,False
2012-10-19,-15.250,5d,False
2012-10-22,-7.750,8d,False
2012-10-23,-8.000,9d,False
2012-10-24,-8.500,10d,False
2012-10-25,6.500,11d,False
2012-10-26,-11.000,12d,False
2012-10-29,8.000,15d,False
2012-10-30,1.500,16d,False
2012-10-31,4.500,17d,False
2012-11-01,5.250,18d,False
2012-11-02,-15.000,19d,False
2012-11-05,-29.250,22d,False
2012-11-06,12.750,23d,False
2012-11-08,-15.500,24d,False
2012-11-09,17.750,25d,False
2012-11-12,3.000,28d,False
2012-11-13,-11.000,29d,True
2012-11-14,-0.250,2d,False
2012-11-15,-1.000,3d,False
2012-11-16,-13.500,4d,False
2012-11-19,13.250,7d,False
2012-11-20,10.750,8d,False
2012-11-21,-7.250,9d,False
2012-11-22,3.000,10d,False
2012-11-23,5.000,11d,False
2012-11-26,12.500,14d,False
2012-11-27,0.000,15d,False
2012-11-28,-6.250,16d,False
2012-11-29,-16.500,17d,False
2012-11-30,3.750,18d,False
2012-12-03,-10.250,21d,False
2012-12-04,-11.250,22d,False
2012-12-05,-3.750,23d,False
2012-12-07,4.000,24d,False
2012-12-10,11.500,27d,False
2012-12-11,1.250,28d,False
2012-12-12,2.750,29d,False
2012-12-13,-17.750,30d,True
2012-12-14,1.750,2d,False
2012-12-17,-6.500,5d,False
2012-12-18,9.500,6d,False
2012-12-19,-25.000,7d,False
2012-12-20,-7.500,8d,False
2012-12-21,-18.750,9d,False
2012-12-24,14.250,12d,False
2012-12-28,3.500,16d,False
2012-12-31,5.250,19d,False
2013-01-03,3.000,22d,False
2013-01-07,21.500,25d,False
2013-01-08,0.000,26d,False
2013-01-09,9.750,27d,False
2013-01-10,-0.500,28d,False
2013-01-11,6.500,29d,True
2013-01-14,-1.750,4d,False
2013-01-15,13.250,5d,False
2013-01-16,-1.250,6d,False
2013-01-17,3.500,7d,False
2013-01-18,6.750,8d,False
2013-01-21,-2.000,11d,False
2013-01-22,4.500,12d,False
2013-01-23,-0.250,13d,False
2013-01-24,-15.250,14d,False
2013-01-25,-6.750,15d,False
2013-01-28,-13.500,18d,False
2013-01-29,3.750,19d,False
2013-01-30,5.750,20d,False
2013-01-31,8.250,21d,False
2013-02-01,-9.500,22d,False
2013-02-04,-0.750,24d,False
2013-02-05,13.750,25d,False
2013-02-06,-8.000,26d,False
2013-02-07,5.750,27d,False
2013-02-08,-6.000,28d,False
2013-02-11,-6.250,2d,False
2013-02-12,-21.750,3d,False
2013-02-13,6.250,4d,False
2013-02-14,-4.000,5d,False
2013-02-15,-14.750,6d,False
2013-02-18,-18.000,9d,False
2013-02-19,2.250,10d,False
2013-02-20,-11.500,11d,False
2013-02-21,-33.500,12d,False
2013-02-22,11.500,13d,False
2013-02-25,12.500,16d,False
2013-02-26,4.750,17d,False
2013-02-27,11.250,18d,False
2013-02-28,-17.500,19d,False
2013-03-01,-21.000,20d,False
2013-03-04,8.000,22d,False
2013-03-05,6.250,23d,False
2013-03-06,-10.250,24d,False
2013-03-07,6.500,25d,False
2013-03-08,-3.500,26d,False
2013-03-11,0.500,29d,True
2013-03-12,5.000,2d,False
2013-03-13,9.000,3d,False
2013-03-14,-6.500,4d,False
2013-03-15,8.250,5d,False
2013-03-18,6.250,8d,False
2013-03-19,3.000,9d,False
2013-03-20,9.000,10d,False
2013-03-21,-2.750,11d,False
2013-03-22,2.750,12d,False
2013-03-25,-9.250,15d,False
2013-03-26,-5.000,16d,False
2013-03-27,-6.250,17d,False
2013-03-28,11.500,18d,False
2013-04-03,-29.250,23d,False
2013-04-04,-23.250,24d,False
2013-04-05,7.500,25d,False
2013-04-08,24.500,28d,False
2013-04-09,-4.750,29d,False
2013-04-10,9.000,30d,True
2013-04-11,-25.750,2d,False
2013-04-12,-7.750,3d,False
2013-04-15,-132.000,6d,False
2013-04-16,-38.000,7d,False
2013-04-17,1.000,8d,False
2013-04-18,18.000,9d,False
2013-04-19,17.000,10d,False
2013-04-22,11.000,13d,False
2013-04-23,-7.750,14d,False
2013-04-24,7.250,15d,False
2013-04-25,22.000,16d,False
2013-04-26,15.750,17d,False
2013-04-29,10.250,20d,False
2013-05-01,-3.250,21d,False
2013-05-02,-13.500,22d,False
2013-05-03,20.500,23d,False
2013-05-08,-9.000,28d,False
2013-05-09,15.500,29d,False
2013-05-10,-20.250,1d,True
2013-05-13,-19.500,5d,False
2013-05-14,6.750,6d,False
2013-05-15,-24.250,7d,False
2013-05-16,-35.250,8d,False
2013-05-17,-0.250,9d,False
2013-05-20,-23.000,12d,False
2013-05-21,25.000,13d,False
2013-05-22,6.500,14d,False
2013-05-23,0.750,15d,False
2013-05-24,-0.750,16d,False
2013-05-29,5.500,21d,False
2013-05-30,21.750,22d,False
2013-06-03,-13.500,25d,False
2013-06-04,8.500,26d,False
2013-06-05,-8.750,27d,False
2013-06-06,3.000,28d,False
2013-06-07,10.500,29d,False
2013-06-10,-33.250,3d,False
2013-06-11,-7.250,4d,False
2013-06-12,7.750,5d,False
2013-06-13,9.000,6d,False
2013-06-14,-6.500,7d,False
2013-06-17,6.250,10d,False
2013-06-18,-7.500,11d,False
2013-06-19,-12.500,12d,False
2013-06-20,-62.750,13d,False
2013-06-21,-13.000,14d,False
2013-06-24,-7.000,17d,False
2013-06-25,1.750,18d,False
2013-06-26,-56.000,19d,False
2013-06-27,3.000,20d,False
2013-06-28,-28.750,21d,False
2013-07-02,17.250,24d,False
2013-07-03,-14.750,25d,False
2013-07-04,3.500,26d,False
2013-07-05,-16.750,27d,False
2013-07-08,-7.250,30d,True
2013-07-09,26.500,2d,False
2013-07-10,0.250,3d,False
2013-07-11,28.500,4d,False
2013-07-12,-5.750,5d,False
2013-07-15,6.250,8d,False
2013-07-16,4.750,9d,False
2013-07-17,-1.750,10d,False
2013-07-18,-4.500,11d,False
2013-07-19,6.250,12d,False
2013-07-22,27.750,15d,False
2013-07-23,13.000,16d,False
2013-07-24,13.250,17d,False
2013-07-25,-28.000,18d,False
2013-07-26,15.750,19d,False
2013-07-29,3.000,22d,False
2013-07-30,-8.500,23d,False
2013-08-01,-7.750,24d,False
2013-08-02,-38.000,25d,False
2013-08-05,25.250,28d,False
2013-08-06,-19.000,29d,True
2013-08-07,-16.500,2d,False
2013-08-08,12.250,3d,False
2013-08-09,17.750,4d,False
2013-08-12,20.250,7d,False
2013-08-13,8.250,8d,False
2013-08-14,-10.750,9d,False
2013-08-15,16.250,10d,False
2013-08-16,21.250,11d,False
2013-08-19,14.500,14d,False
2013-08-20,-9.500,15d,False
2013-08-21,-5.750,16d,False
2013-08-22,10.500,17d,False
2013-08-23,4.000,18d,False
2013-08-28,14.500,23d,False
2013-08-29,-19.250,24d,False
2013-09-02,-1.500,27d,False
2013-09-03,0.000,28d,False
2013-09-04,12.500,29d,False
2013-09-05,-12.000,30d,True
2013-09-06,-23.500,2d,False
2013-09-09,17.750,5d,False
2013-09-10,-13.000,6d,False
2013-09-11,-7.750,7d,False
2013-09-12,-25.000,8d,False
2013-09-13,-32.000,9d,False
2013-09-16,6.500,12d,False
2013-09-17,2.500,13d,False
2013-09-18,-17.500,14d,False
2013-09-19,63.750,15d,False
2013-09-20,-8.250,16d,False
2013-09-23,-33.500,19d,False
2013-09-24,-5.250,20d,False
2013-09-25,3.750,21d,False
2013-09-26,12.250,22d,False
2013-09-27,-11.000,23d,False
2013-09-30,14.250,25d,False
2013-10-01,-3.500,26d,False
2013-10-02,-38.500,27d,False
2013-10-03,15.250,28d,False
2013-10-04,7.000,29d,False
2013-10-07,-5.000,4d,False
2013-10-08,10.000,5d,False
2013-10-09,-11.500,6d,False
2013-10-10,-11.500,7d,False
2013-10-11,-12.250,8d,False
2013-10-14,-9.750,11d,False
2013-10-15,-20.500,12d,False
2013-10-16,22.750,13d,False
2013-10-17,30.250,14d,False
2013-10-18,8.500,15d,False
2013-10-21,-1.000,18d,False
2013-10-22,-4.250,19d,False
2013-10-23,21.250,20d,False
2013-10-24,3.250,21d,False
2013-10-25,5.500,22d,False
2013-10-28,9.250,24d,False
2013-10-29,-4.250,25d,False
2013-10-30,2.750,26d,False
2013-10-31,-15.750,27d,False
2013-11-01,-19.000,28d,False
2013-11-04,-0.500,2d,False
2013-11-05,-3.000,3d,False
2013-11-06,5.750,4d,False
2013-11-07,-1.000,5d,False
2013-11-08,-7.000,6d,False
2013-11-11,-25.250,9d,False
2013-11-12,-2.750,10d,False
2013-11-13,-5.000,11d,False
2013-11-14,7.250,12d,False
2013-11-15,-1.500,13d,False
2013-11-18,1.750,16d,False
2013-11-19,-11.250,17d,False
2013-11-20,-0.750,18d,False
2013-11-21,-23.000,19d,False
2013-11-22,-6.750,20d,False
2013-11-25,-10.000,23d,False
2013-11-27,0.000,24d,False
2013-11-28,-9.000,25d,False
2013-11-29,3.500,26d,False
2013-12-02,-7.750,29d,False
2013-12-03,-18.500,1d,True
2013-12-04,-6.000,3d,False
2013-12-05,21.000,4d,False
2013-12-06,-3.250,5d,False
2013-12-09,-2.250,8d,False
2013-12-10,17.250,9d,False
2013-12-11,9.500,10d,False
2013-12-12,-11.750,11d,False
2013-12-13,-20.750,12d,False
2013-12-16,6.750,15d,False
2013-12-17,7.750,16d,False
2013-12-18,-4.000,17d,False
2013-12-19,-28.000,18d,False
2013-12-20,-10.250,19d,False
2013-12-23,-2.250,22d,False
2013-12-24,3.750,23d,False
2013-12-30,-7.750,28d,False
2013-12-31,0.000,29d,False
2014-01-03,12.500,3d,False
2014-01-06,5.750,6d,False
2014-01-07,-0.500,7d,False
2014-01-08,-11.000,8d,False
2014-01-09,-0.500,9d,False
2014-01-10,6.250,10d,False
2014-01-13,13.750,13d,False
2014-01-14,2.750,14d,False
2014-01-15,-10.750,15d,False
2014-01-16,-0.750,16d,False
2014-01-17,3.750,17d,False
2014-01-20,13.750,20d,False
2014-01-21,-7.000,21d,False
2014-01-22,-8.250,22d,False
2014-01-24,15.000,23d,False
2014-01-27,10.750,26d,False
2014-01-28,-16.500,27d,False
2014-01-29,1.250,28d,False
2014-01-30,-0.750,29d,True
2014-01-31,-7.500,2d,False
2014-02-03,0.000,5d,False
2014-02-04,6.500,6d,False
2014-02-05,4.000,7d,False
2014-02-06,1.500,8d,False
2014-02-07,1.500,9d,False
2014-02-10,13.500,12d,False
2014-02-11,9.250,13d,False
2014-02-12,3.750,14d,False
2014-02-13,3.750,15d,False
2014-02-14,18.250,16d,False
2014-02-17,17.500,19d,False
2014-02-18,-12.000,20d,False
2014-02-19,4.750,21d,False
2014-02-20,-5.000,22d,False
2014-02-24,12.250,25d,False
2014-02-25,-0.250,26d,False
2014-02-26,7.250,27d,False
2014-02-27,-9.000,28d,False
2014-02-28,-3.250,29d,False
2014-03-03,16.500,3d,False
2014-03-04,-4.750,4d,False
2014-03-05,-6.000,5d,False
2014-03-06,0.750,6d,False
2014-03-07,14.000,7d,False
2014-03-10,-14.000,10d,False
2014-03-11,13.750,11d,False
2014-03-12,7.750,12d,False
2014-03-13,15.250,13d,False
2014-03-14,-1.000,14d,False
2014-03-17,9.000,17d,False
2014-03-18,-16.500,18d,False
2014-03-19,-16.500,19d,False
2014-03-20,-19.000,20d,False
2014-03-21,11.500,21d,False
2014-03-24,-16.500,23d,False
2014-03-25,-7.250,24d,False
2014-03-26,-0.250,25d,False
2014-03-27,-19.500,26d,False
2014-03-28,0.750,27d,False
2014-03-31,-1.750,2d,False
2014-04-01,-7.500,3d,False
2014-04-02,-2.500,4d,False
2014-04-03,3.250,5d,False
2014-04-04,6.250,6d,False
2014-04-07,5.500,9d,False
2014-04-08,15.750,10d,False
2014-04-09,-5.000,11d,False
2014-04-10,11.750,12d,False
2014-04-11,-4.250,13d,False
2014-04-14,7.250,16d,False
2014-04-15,-13.000,17d,False
2014-04-16,-12.500,18d,False
2014-04-17,0.250,19d,False
2014-04-23,-7.250,24d,False
2014-04-24,0.000,25d,False
2014-04-25,10.750,26d,False
2014-04-28,7.750,29d,False
2014-04-29,-12.250,30d,True
2014-04-30,2.250,2d,False
2014-05-01,-9.000,3d,False
2014-05-02,2.000,4d,False
2014-05-07,2.500,9d,False
2014-05-08,-19.750,10d,False
2014-05-09,-2.250,11d,False
2014-05-12,3.750,14d,False
2014-05-13,0.000,15d,False
2014-05-14,7.500,16d,False
2014-05-15,3.500,17d,False
2014-05-16,-10.000,18d,False
2014-05-19,7.250,21d,False
2014-05-21,0.500,22d,False
2014-05-22,2.500,23d,False
2014-05-23,-2.500,24d,False
2014-05-28,-17.750,29d,True
2014-05-29,-11.250,2d,False
2014-05-30,0.000,3d,False
2014-06-02,-9.250,6d,False
2014-06-03,-0.500,7d,False
2014-06-04,1.750,8d,False
2014-06-05,-1.250,9d,False
2014-06-06,9.250,10d,False
2014-06-09,1.000,13d,False
2014-06-10,-1.500,14d,False
2014-06-11,9.000,15d,False
2014-06-12,-0.750,16d,False
2014-06-13,11.250,17d,False
2014-06-16,8.750,20d,False
2014-06-17,-17.250,21d,False
2014-06-18,4.500,22d,False
2014-06-20,28.000,23d,False
2014-06-23,3.500,26d,False
2014-06-24,9.500,27d,False
2014-06-25,-11.000,28d,False
2014-06-26,-0.500,29d,False
2014-06-27,3.750,30d,True
2014-06-30,-2.250,4d,False
2014-07-01,12.750,5d,False
2014-07-02,1.000,6d,False
2014-07-03,-4.250,7d,False
2014-07-04,-1.000,8d,False
2014-07-07,-8.250,11d,False
2014-07-08,5.000,12d,False
2014-07-09,4.250,13d,False
2014-07-10,20.750,14d,False
2014-07-11,-6.750,15d,False
2014-07-14,-15.250,18d,False
2014-07-15,-9.250,19d,False
2014-07-16,-14.500,20d,False
2014-07-17,5.250,21d,False
2014-07-18,7.500,22d,False
2014-07-21,2.500,24d,False
2014-07-22,-5.750,25d,False
2014-07-23,0.500,26d,False
2014-07-24,-7.500,27d,False
2014-07-25,-7.500,28d,False
2014-07-28,12.500,3d,False
2014-07-29,2.500,4d,False
2014-07-30,-10.000,5d,False
2014-07-31,-2.500,6d,False
2014-08-01,-10.500,7d,False
2014-08-04,9.000,10d,False
2014-08-05,-0.750,11d,False
2014-08-06,-4.250,12d,False
2014-08-07,13.500,13d,False
2014-08-08,15.500,14d,False
2014-08-11,-9.250,17d,False
2014-08-12,2.750,18d,False
2014-08-13,-1.750,19d,False
2014-08-14,5.750,20d,False
2014-08-15,-1.400,21d,False
2014-08-19,-2.500,24d,False
2014-08-20,-5.750,25d,False
2014-08-21,-14.000,26d,False
2014-08-22,0.500,27d,False
2014-08-27,-1.500,3d,False
2014-08-28,3.000,4d,False
2014-08-29,-2.250,5d,False
2014-09-01,1.500,8d,False
2014-09-02,-9.500,9d,False
2014-09-03,-9.250,10d,False
2014-09-04,2.500,11d,False
2014-09-05,-7.000,12d,False
2014-09-08,3.250,15d,False
2014-09-09,-11.250,16d,False
2014-09-10,-1.750,17d,False
2014-09-11,-7.250,18d,False
2014-09-12,-9.750,19d,False
2014-09-15,-2.500,22d,False
2014-09-16,4.000,23d,False
2014-09-18,-13.500,24d,False
2014-09-19,-0.500,25d,False
2014-09-22,-8.500,28d,False
2014-09-23,11.000,29d,False
2014-09-24,-1.000,30d,True
2014-09-25,-13.500,2d,False
2014-09-26,11.750,3d,False
2014-09-29,-4.500,6d,False
2014-09-30,-7.750,7d,False
2014-10-01,-1.500,8d,False
2014-10-02,6.000,9d,False
2014-10-03,-7.000,10d,False
2014-10-06,-14.250,13d,False
2014-10-07,14.250,14d,False
2014-10-08,12.500,15d,False
2014-10-09,7.500,16d,False
2014-10-10,-5.250,17d,False
2014-10-13,5.750,20d,False
2014-10-14,5.000,21d,False
2014-10-15,-9.500,22d,False
2014-10-17,-3.000,23d,False
2014-10-20,3.000,26d,False
2014-10-21,10.750,27d,False
2014-10-22,-5.000,28d,False
2014-10-23,-6.250,29d,True
2014-10-24,-8.750,2d,False
2014-10-27,-1.250,5d,False
2014-10-28,-2.250,6d,False
2014-10-29,-0.250,7d,False
2014-10-30,-22.250,8d,False
2014-10-31,-32.500,9d,False
2014-11-03,-2.500,12d,False
2014-11-04,-1.500,13d,False
2014-11-05,-24.000,14d,False
2014-11-06,-0.750,15d,False
2014-11-07,0.500,16d,False
2014-11-10,27.000,19d,False
2014-11-11,-20.750,20d,False
2014-11-12,12.000,21d,False
2014-11-13,-2.250,22d,False
2014-11-14,-7.000,23d,False
2014-11-17,33.000,25d,False
2014-11-18,15.000,26d,False
2014-11-19,-1.250,27d,False
2014-11-20,-6.750,28d,False
2014-11-21,-0.750,29d,False
2014-11-24,2.750,3d,False
2014-11-25,6.250,4d,False
2014-11-26,-6.500,5d,False
2014-11-27,0.750,6d,False
2014-11-28,-12.000,7d,False
2014-12-01,-5.750,10d,False
2014-12-02,18.250,11d,False
2014-12-03,6.250,12d,False
2014-12-04,0.750,13d,False
